Member State,1946,1947,1948,1949,1950,1951,1952,1953,1954,1955,1957,1958,1961,1964,1967,1970,1973,1976,1977,1979,1982,1985,1988,1991,1992,1993,1994,1995,1996,1997,1998,1999,2000,2001,2002,2003,2006,2009,2012,2015,2018,2021,2024,2027
Afghanistan,0.05,0.05,0.05,0.05,0.05,0.06,0.08,0.08,0.08,0.08,0.06,0.06,0.06,0.05,0.05,0.04,0.04,0.02,0.02,0.01,0.01,0.01,0.01,0.01,0.01,0.01,0.01,0.01,0.0100,0.01,0.004,0.003,0.003,0.008,0.007,0.001,0.002,0.001,0.004,0.005,0.006,0.007,0.006,0.005
Albania,-,-,-,-,-,-,-,-,-,0.04,0.04,0.04,0.04,0.04,0.04,0.04,0.04,0.02,0.02,0.01,0.01,0.01,0.01,0.01,0.01,0.01,0.01,0.01,0.0100,0.01,0.003,0.003,0.003,0.003,0.003,0.003,0.005,0.006,0.010,0.010,0.008,0.008,0.008,0.010
Algeria,-,-,-,-,-,-,-,-,-,-,-,-,-,0.10,0.10,0.10,0.09,0.08,0.10,0.10,0.12,0.13,0.14,0.15,0.16,0.16,0.16,0.16,0.1600,0.16,0.116,0.094,0.086,0.070,0.071,0.070,0.076,0.085,0.128,0.137,0.161,0.138,0.109,0.087
Andorra,-,-,-,-,-,-,-,-,-,-,-,-,-,-,-,-,-,-,-,-,-,-,-,-,-,-,0.01,0.01,0.0100,0.01,0.004,0.004,0.004,0.004,0.004,0.004,0.005,0.008,0.007,0.008,0.006,0.005,0.005,0.004
Angola,-,-,-,-,-,-,-,-,-,-,-,-,-,-,-,-,-,0.02,0.02,0.02,0.01,0.01,0.01,0.01,0.01,0.01,0.01,0.01,0.0100,0.01,0.010,0.010,0.010,0.002,0.002,0.002,0.001,0.003,0.010,0.010,0.010,0.010,0.010,0.010
Antigua and Barbuda,-,-,-,-,-,-,-,-,-,-,-,-,-,-,-,-,-,-,-,-,0.01,0.01,0.01,0.01,0.01,0.01,0.01,0.01,0.0100,0.01,0.002,0.002,0.002,0.002,0.002,0.002,0.003,0.002,0.002,0.002,0.002,0.002,0.002,0.002
Argentina,1.94,1.85,1.85,1.85,1.85,1.85,1.62,1.45,1.40,1.32,1.17,1.14,1.11,1.01,0.92,0.93,0.85,0.83,0.83,0.84,0.78,0.71,0.62,0.66,0.57,0.57,0.57,0.48,0.4800,0.48,0.768,1.024,1.103,1.156,1.159,0.969,0.956,0.325,0.287,0.432,0.892,0.915,0.719,0.490
Armenia,-,-,-,-,-,-,-,-,-,-,-,-,-,-,-,-,-,-,-,-,-,-,-,-,-,0.13,0.13,0.08,0.0550,0.05,0.027,0.011,0.006,0.002,0.002,0.002,0.002,0.002,0.005,0.007,0.006,0.007,0.007,0.007
Australia,2.00,1.97,1.97,1.97,1.97,1.92,1.77,1.75,1.75,1.80,1.65,1.61,1.79,1.66,1.58,1.52,1.47,1.44,1.52,1.54,1.83,1.57,1.66,1.57,1.51,1.51,1.51,1.46,1.4800,1.48,1.471,1.482,1.483,1.636,1.640,1.627,1.592,1.787,1.933,2.074,2.337,2.210,2.111,2.040
Austria,-,-,-,-,-,-,-,-,-,0.36,0.36,0.35,0.43,0.45,0.53,0.57,0.55,0.56,0.63,0.64,0.71,0.75,0.74,0.74,0.75,0.75,0.75,0.85,0.8650,0.87,0.935,0.941,0.942,0.952,0.954,0.947,0.859,0.887,0.851,0.798,0.720,0.677,0.679,0.626
Azerbaijan,-,-,-,-,-,-,-,-,-,-,-,-,-,-,-,-,-,-,-,-,-,-,-,-,-,0.22,0.22,0.16,0.1175,0.11,0.060,0.022,0.011,0.004,0.004,0.004,0.005,0.005,0.015,0.040,0.060,0.049,0.030,0.034
Bahamas,-,-,-,-,-,-,-,-,-,-,-,-,-,-,-,-,0.02,0.02,0.02,0.01,0.01,0.01,0.01,0.02,0.02,0.02,0.02,0.02,0.0200,0.02,0.015,0.015,0.015,0.012,0.012,0.012,0.013,0.016,0.018,0.017,0.014,0.018,0.019,0.015
Bahrain,-,-,-,-,-,-,-,-,-,-,-,-,-,-,-,-,0.04,0.02,0.02,0.01,0.01,0.01,0.02,0.02,0.03,0.03,0.03,0.02,0.0200,0.02,0.018,0.017,0.017,0.018,0.018,0.018,0.030,0.033,0.039,0.039,0.044,0.050,0.054,0.050
Bangladesh,-,-,-,-,-,-,-,-,-,-,-,-,-,-,-,-,-,0.04,0.04,0.04,0.04,0.03,0.02,0.01,0.01,0.01,0.01,0.01,0.0100,0.01,0.010,0.010,0.010,0.010,0.010,0.010,0.010,0.010,0.010,0.010,0.010,0.010,0.010,0.010
Barbados,-,-,-,-,-,-,-,-,-,-,-,-,-,-,0.04,0.04,0.04,0.02,0.02,0.01,0.01,0.01,0.01,0.01,0.01,0.01,0.01,0.01,0.0100,0.01,0.008,0.008,0.008,0.009,0.009,0.009,0.010,0.009,0.008,0.008,0.007,0.007,0.008,0.007
Belarus (formerly Byelorussian Soviet Socialist Republic),0.23,0.22,0.22,0.22,0.22,0.24,0.34,0.43,0.50,0.53,0.48,0.47,0.47,0.52,0.52,0.51,0.50,0.46,0.40,0.41,0.39,0.36,0.34,0.33,0.31,0.48,0.48,0.37,0.2925,0.28,0.164,0.082,0.057,0.019,0.019,0.019,0.018,0.020,0.042,0.056,0.056,0.049,0.041,0.043
Belgium,1.42,1.35,1.35,1.35,1.35,1.35,1.35,1.37,1.38,1.38,1.27,1.24,1.30,1.20,1.15,1.10,1.05,1.05,1.07,1.08,1.22,1.28,1.18,1.17,1.06,1.06,1.06,0.99,1.0075,1.01,1.096,1.103,1.104,1.136,1.138,1.129,1.069,1.102,1.075,0.998,0.885,0.821,0.828,0.773
Belize,-,-,-,-,-,-,-,-,-,-,-,-,-,-,-,-,-,-,-,-,0.01,0.01,0.01,0.01,0.01,0.01,0.01,0.01,0.0100,0.01,0.001,0.001,0.001,0.001,0.001,0.001,0.001,0.001,0.001,0.001,0.001,0.001,0.001,0.001
Benin,-,-,-,-,-,-,-,-,-,-,-,-,0.04,0.04,0.04,0.04,0.04,0.02,0.02,0.01,0.01,0.01,0.01,0.01,0.01,0.01,0.01,0.01,0.0100,0.01,0.002,0.002,0.002,0.002,0.002,0.002,0.002,0.001,0.003,0.003,0.003,0.003,0.005,0.005
Bhutan,-,-,-,-,-,-,-,-,-,-,-,-,-,-,-,-,0.04,0.02,0.02,0.01,0.01,0.01,0.01,0.01,0.01,0.01,0.01,0.01,0.0100,0.01,0.001,0.001,0.001,0.001,0.001,0.001,0.001,0.001,0.001,0.001,0.001,0.001,0.001,0.001
Bolivia,0.08,0.08,0.08,0.08,0.08,0.08,0.06,0.06,0.06,0.05,0.05,0.05,0.04,0.04,0.04,0.04,0.04,0.02,0.02,0.01,0.01,0.01,0.01,0.01,0.01,0.01,0.01,0.01,0.0100,0.01,0.008,0.007,0.007,0.008,0.008,0.008,0.009,0.006,0.007,0.009,0.012,0.016,0.019,0.018
Bosnia and Herzegovina,-,-,-,-,-,-,-,-,-,-,-,-,-,-,-,-,-,-,-,-,-,-,-,-,-,0.04,0.04,0.02,0.0125,0.01,0.005,0.005,0.005,0.004,0.004,0.004,0.003,0.006,0.014,0.017,0.013,0.012,0.012,0.014
Botswana,-,-,-,-,-,-,-,-,-,-,-,-,-,-,0.04,0.04,0.04,0.02,0.02,0.01,0.01,0.01,0.01,0.01,0.01,0.01,0.01,0.01,0.0100,0.01,0.010,0.010,0.010,0.010,0.010,0.010,0.012,0.014,0.018,0.017,0.014,0.014,0.015,0.013
Brazil,1.94,1.85,1.85,1.85,1.85,1.85,1.62,1.45,1.40,1.32,1.09,1.06,1.02,1.03,0.95,0.89,0.80,0.77,1.04,1.04,1.27,1.39,1.40,1.45,1.59,1.59,1.59,1.62,1.6200,1.62,1.514,1.470,1.471,2.231,2.093,2.390,1.523,0.876,1.611,2.934,3.823,2.948,2.013,1.411
Brunei Darussalam,-,-,-,-,-,-,-,-,-,-,-,-,-,-,-,-,-,-,-,-,-,0.03,0.04,0.04,0.03,0.03,0.03,0.02,0.0200,0.02,0.020,0.020,0.020,0.033,0.033,0.033,0.034,0.026,0.028,0.026,0.029,0.025,0.021,0.019
Bulgaria,-,-,-,-,-,-,-,-,-,0.14,0.14,0.14,0.16,0.20,0.17,0.18,0.18,0.14,0.13,0.14,0.16,0.18,0.16,0.15,0.13,0.13,0.13,0.10,0.0825,0.08,0.045,0.019,0.011,0.013,0.013,0.013,0.017,0.020,0.038,0.047,0.045,0.046,0.056,0.071
Burkina Faso,-,-,-,-,-,-,-,-,-,-,-,-,0.04,0.04,0.04,0.04,0.04,0.02,0.02,0.01,0.01,0.01,0.01,0.01,0.01,0.01,0.01,0.01,0.0100,0.01,0.002,0.002,0.002,0.002,0.002,0.002,0.002,0.002,0.003,0.003,0.004,0.003,0.004,0.005
Burundi,-,-,-,-,-,-,-,-,-,-,-,-,-,0.04,0.04,0.04,0.04,0.02,0.02,0.01,0.01,0.01,0.01,0.01,0.01,0.01,0.01,0.01,0.0100,0.01,0.001,0.001,0.001,0.001,0.001,0.001,0.001,0.001,0.001,0.001,0.001,0.001,0.001,0.001
Cabo Verde,-,-,-,-,-,-,-,-,-,-,-,-,-,-,-,-,-,0.02,0.02,0.01,0.01,0.01,0.01,0.01,0.01,0.01,0.01,0.01,0.0100,0.01,0.001,0.002,0.002,0.001,0.001,0.001,0.001,0.001,0.001,0.001,0.001,0.001,0.001,0.001
Cambodia (formerly Democratic Kampuchea),-,-,-,-,-,-,-,-,-,0.04,0.04,0.04,0.04,0.04,0.04,0.04,0.04,0.02,0.02,0.01,0.01,0.01,0.01,0.01,0.01,0.01,0.01,0.01,0.0100,0.01,0.001,0.001,0.001,0.002,0.002,0.002,0.002,0.001,0.003,0.004,0.004,0.006,0.007,0.008
Cameroon,-,-,-,-,-,-,-,-,-,-,-,-,0.04,0.04,0.04,0.04,0.04,0.02,0.02,0.01,0.01,0.01,0.01,0.01,0.01,0.01,0.01,0.01,0.0100,0.01,0.014,0.013,0.013,0.009,0.009,0.009,0.008,0.009,0.011,0.012,0.010,0.013,0.013,0.014
Canada,3.35,3.20,3.20,3.20,3.20,3.30,3.35,3.30,3.30,3.63,3.15,3.09,3.11,3.12,3.17,3.02,3.08,3.18,2.96,3.04,3.28,3.08,3.06,3.09,3.11,3.11,3.11,3.07,3.1025,3.11,2.825,2.754,2.732,2.573,2.579,2.558,2.813,2.977,3.207,2.984,2.921,2.734,2.628,2.543
Central African Republic,-,-,-,-,-,-,-,-,-,-,-,-,0.04,0.04,0.04,0.04,0.04,0.02,0.02,0.01,0.01,0.01,0.01,0.01,0.01,0.01,0.01,0.01,0.0100,0.01,0.002,0.001,0.001,0.001,0.001,0.001,0.001,0.001,0.001,0.001,0.001,0.001,0.001,0.001
Chad,-,-,-,-,-,-,-,-,-,-,-,-,0.04,0.04,0.04,0.04,0.04,0.02,0.02,0.01,0.01,0.01,0.01,0.01,0.01,0.01,0.01,0.01,0.0100,0.01,0.001,0.001,0.001,0.001,0.001,0.001,0.001,0.001,0.002,0.002,0.005,0.004,0.003,0.005
Chile,0.47,0.45,0.45,0.45,0.45,0.41,0.35,0.33,0.33,0.30,0.30,0.29,0.27,0.26,0.27,0.23,0.20,0.14,0.09,0.09,0.07,0.07,0.07,0.08,0.08,0.08,0.08,0.08,0.0800,0.08,0.113,0.131,0.136,0.198,0.187,0.212,0.223,0.161,0.236,0.334,0.399,0.407,0.420,0.374
China,6.30,6.00,6.00,6.00,6.00,6.00,5.75,5.62,5.62,5.62,5.14,5.01,5.01,4.57,4.25,4.00,4.00,5.50,5.50,5.50,1.62,0.88,0.79,0.79,0.77,0.77,0.77,0.72,0.7350,0.74,0.901,0.973,0.995,1.541,1.545,1.532,2.053,2.667,3.189,5.148,7.921,12.005,15.254,20.004
Colombia,0.39,0.37,0.37,0.37,0.37,0.37,0.37,0.35,0.41,0.41,0.37,0.36,0.31,0.26,0.23,0.20,0.19,0.16,0.11,0.11,0.11,0.11,0.13,0.14,0.13,0.13,0.13,0.11,0.1000,0.10,0.108,0.109,0.109,0.186,0.171,0.201,0.155,0.105,0.144,0.259,0.322,0.288,0.246,0.197
Comoros,-,-,-,-,-,-,-,-,-,-,-,-,-,-,-,-,-,0.02,0.02,0.01,0.01,0.01,0.01,0.01,0.01,0.01,0.01,0.01,0.0100,0.01,0.001,0.001,0.001,0.001,0.001,0.001,0.001,0.001,0.001,0.001,0.001,0.001,0.001,0.001
Congo,-,-,-,-,-,-,-,-,-,-,-,-,0.04,0.04,0.04,0.04,0.04,0.02,0.02,0.01,0.01,0.01,0.01,0.01,0.01,0.01,0.01,0.01,0.0100,0.01,0.003,0.003,0.003,0.001,0.001,0.001,0.001,0.001,0.003,0.005,0.006,0.006,0.005,0.005
Costa Rica,0.04,0.04,0.04,0.04,0.04,0.04,0.04,0.04,0.04,0.04,0.04,0.04,0.04,0.04,0.04,0.04,0.04,0.02,0.02,0.02,0.02,0.02,0.02,0.02,0.01,0.01,0.01,0.01,0.0100,0.01,0.017,0.016,0.016,0.020,0.020,0.020,0.030,0.032,0.034,0.038,0.047,0.062,0.069,0.063
Cote d'Ivoire,-,-,-,-,-,-,-,-,-,-,-,-,0.06,0.04,0.04,0.04,0.04,0.02,0.02,0.02,0.03,0.03,0.02,0.02,0.02,0.02,0.02,0.01,0.0100,0.01,0.012,0.009,0.009,0.009,0.009,0.009,0.010,0.009,0.010,0.011,0.009,0.013,0.022,0.024
Croatia,-,-,-,-,-,-,-,-,-,-,-,-,-,-,-,-,-,-,-,-,-,-,-,-,-,0.13,0.13,0.10,0.0900,0.09,0.056,0.036,0.030,0.039,0.039,0.039,0.037,0.050,0.097,0.126,0.099,0.077,0.091,0.088
Cuba,0.30,0.29,0.29,0.29,0.29,0.31,0.33,0.34,0.34,0.30,0.27,0.26,0.25,0.22,0.20,0.19,0.16,0.11,0.13,0.11,0.11,0.09,0.09,0.09,0.09,0.09,0.09,0.07,0.0525,0.05,0.039,0.026,0.024,0.030,0.030,0.030,0.043,0.054,0.071,0.069,0.065,0.080,0.095,0.122
Cyprus,-,-,-,-,-,-,-,-,-,-,-,-,0.04,0.04,0.04,0.04,0.04,0.02,0.02,0.01,0.01,0.01,0.02,0.02,0.02,0.02,0.02,0.03,0.0300,0.03,0.034,0.034,0.034,0.038,0.038,0.038,0.039,0.044,0.046,0.047,0.043,0.036,0.036,0.035
Czech Republic,-,-,-,-,-,-,-,-,-,-,-,-,-,-,-,-,-,-,-,-,-,-,-,-,-,-,0.42,0.32,0.2600,0.25,0.169,0.121,0.107,0.189,0.172,0.203,0.183,0.281,0.349,0.386,0.344,0.311,0.340,0.344
Czechoslovakia,0.95,0.90,0.90,0.90,0.90,0.90,1.05,1.05,1.05,0.94,0.84,0.82,0.87,1.17,1.11,0.92,0.90,0.89,0.87,0.84,0.83,0.76,0.70,0.66,0.55,-,-,-,-,-,-,-,-,-,-,-,-,-,-,-,-,-,-,-
Democratic Yemen,-,-,-,-,-,-,-,-,-,-,-,-,-,-,0.04,0.04,0.04,0.02,0.02,0.01,0.01,0.01,0.01,0.01,-,-,-,-,-,-,-,-,-,-,-,-,-,-,-,-,-,-,-,-
Democratic People's Republic of Korea,-,-,-,-,-,-,-,-,-,-,-,-,-,-,-,-,-,-,-,-,-,-,-,-,0.05,0.05,0.05,0.04,0.0500,0.05,0.031,0.019,0.015,0.009,0.009,0.009,0.010,0.007,0.007,0.006,0.005,0.006,0.005,0.005
Democratic Republic of the Congo (formerly Zaire),-,-,-,-,-,-,-,-,-,-,-,-,0.04,0.07,0.05,0.05,0.04,0.02,0.02,0.02,0.02,0.01,0.01,0.01,0.01,0.01,0.01,0.01,0.0100,0.01,0.008,0.007,0.007,0.004,0.004,0.004,0.003,0.003,0.003,0.003,0.008,0.010,0.010,0.010
Denmark,0.81,0.79,0.79,0.79,0.79,0.79,0.79,0.78,0.78,0.74,0.66,0.64,0.60,0.58,0.62,0.62,0.62,0.63,0.63,0.64,0.74,0.75,0.72,0.69,0.65,0.65,0.65,0.70,0.7175,0.72,0.687,0.691,0.692,0.753,0.755,0.749,0.718,0.739,0.736,0.675,0.584,0.554,0.553,0.531
Djibouti,-,-,-,-,-,-,-,-,-,-,-,-,-,-,-,-,-,-,0.02,0.01,0.01,0.01,0.01,0.01,0.01,0.01,0.01,0.01,0.0100,0.01,0.001,0.001,0.001,0.001,0.001,0.001,0.001,0.001,0.001,0.001,0.001,0.001,0.001,0.002
Dominica,-,-,-,-,-,-,-,-,-,-,-,-,-,-,-,-,-,-,-,0.01,0.01,0.01,0.01,0.01,0.01,0.01,0.01,0.01,0.0100,0.01,0.001,0.001,0.001,0.001,0.001,0.001,0.001,0.001,0.001,0.001,0.001,0.001,0.001,0.001
Dominican Republic,0.05,0.05,0.05,0.05,0.05,0.05,0.05,0.05,0.05,0.05,0.05,0.05,0.05,0.05,0.04,0.04,0.04,0.02,0.02,0.02,0.03,0.03,0.03,0.03,0.02,0.02,0.02,0.01,0.0100,0.01,0.016,0.015,0.015,0.023,0.023,0.023,0.035,0.024,0.042,0.045,0.046,0.053,0.067,0.069
Ecuador,0.05,0.05,0.05,0.05,0.05,0.05,0.05,0.04,0.04,0.04,0.05,0.05,0.06,0.06,0.05,0.04,0.04,0.02,0.02,0.02,0.02,0.02,0.03,0.03,0.03,0.03,0.03,0.02,0.0200,0.02,0.022,0.020,0.020,0.025,0.025,0.025,0.019,0.021,0.040,0.044,0.067,0.080,0.077,0.065
Egypt,0.81,0.79,0.79,0.79,0.79,0.71,0.60,0.50,0.47,0.40,0.36,0.35,b/,0.25,0.23,0.20,0.18,0.12,0.08,0.08,0.07,0.07,0.07,0.07,0.07,0.07,0.07,0.07,0.0700,0.08,0.069,0.065,0.065,0.081,0.081,0.081,0.120,0.088,0.094,0.134,0.152,0.186,0.139,0.182
El Salvador,0.05,0.05,0.05,0.05,0.05,0.05,0.05,0.05,0.06,0.06,0.06,0.06,0.05,0.04,0.04,0.04,0.04,0.02,0.02,0.01,0.01,0.01,0.01,0.01,0.01,0.01,0.01,0.01,0.0100,0.01,0.012,0.012,0.012,0.018,0.018,0.018,0.022,0.020,0.019,0.016,0.014,0.012,0.013,0.013
Equatorial Guinea,-,-,-,-,-,-,-,-,-,-,-,-,-,-,-,0.04,0.04,0.02,0.02,0.01,0.01,0.01,0.01,0.01,0.01,0.01,0.01,0.01,0.0100,0.01,0.001,0.001,0.001,0.001,0.001,0.001,0.002,0.002,0.008,0.010,0.010,0.016,0.012,0.008
Eritrea,-,-,-,-,-,-,-,-,-,-,-,-,-,-,-,-,-,-,-,-,-,-,-,-,-,-,0.01,0.01,0.0100,0.01,0.001,0.001,0.001,0.001,0.001,0.001,0.001,0.001,0.001,0.001,0.001,0.001,0.001,0.001
Estonia,-,-,-,-,-,-,-,-,-,-,-,-,-,-,-,-,-,-,-,-,-,-,-,-,-,0.07,0.07,0.05,0.0425,0.04,0.023,0.015,0.012,0.010,0.010,0.010,0.012,0.016,0.040,0.040,0.038,0.039,0.044,0.045
Eswatini (formerly Swaziland),-,-,-,-,-,-,-,-,-,-,-,-,-,-,-,0.04,0.04,0.02,0.02,0.01,0.01,0.01,0.01,0.01,0.01,0.01,0.01,0.01,0.0100,0.01,0.002,0.002,0.002,0.002,0.002,0.002,0.002,0.002,0.003,0.003,0.002,0.002,0.002,0.002
Ethiopia,0.08,0.08,0.08,0.08,0.08,0.08,0.10,0.10,0.10,0.12,0.11,0.11,0.06,0.05,0.04,0.04,0.04,0.02,0.02,0.01,0.01,0.01,0.01,0.01,0.01,0.01,0.01,0.01,0.0100,0.01,0.007,0.006,0.006,0.004,0.004,0.004,0.004,0.003,0.008,0.010,0.010,0.010,0.010,0.010
Fiji,-,-,-,-,-,-,-,-,-,-,-,-,-,-,-,0.04,0.04,0.02,0.02,0.01,0.01,0.01,0.01,0.01,0.01,0.01,0.01,0.01,0.0100,0.01,0.004,0.004,0.004,0.004,0.004,0.004,0.004,0.003,0.004,0.003,0.003,0.003,0.004,0.003
Finland,-,-,-,-,-,-,-,-,-,0.37,0.37,0.36,0.36,0.37,0.43,0.49,0.45,0.42,0.41,0.44,0.48,0.48,0.50,0.51,0.57,0.57,0.57,0.61,0.6175,0.62,0.538,0.542,0.543,0.525,0.526,0.522,0.533,0.564,0.566,0.519,0.456,0.421,0.417,0.386
France,6.30,6.00,6.00,6.00,6.00,6.00,5.75,5.75,5.75,5.90,5.70,5.56,6.40,5.94,6.09,6.00,6.00,5.86,5.66,5.82,6.26,6.51,6.37,6.25,6.00,6.00,6.00,6.32,6.4075,6.42,6.494,6.540,6.545,6.503,6.516,6.466,6.030,6.301,6.123,5.593,4.859,4.427,4.318,3.858
Gabon,-,-,-,-,-,-,-,-,-,-,-,-,0.04,0.04,0.04,0.04,0.04,0.02,0.02,0.01,0.02,0.02,0.03,0.03,0.02,0.02,0.02,0.01,0.0100,0.01,0.018,0.015,0.015,0.014,0.014,0.014,0.009,0.008,0.014,0.020,0.017,0.015,0.013,0.011
Gambia,-,-,-,-,-,-,-,-,-,-,-,-,-,-,0.04,0.04,0.04,0.02,0.02,0.01,0.01,0.01,0.01,0.01,0.01,0.01,0.01,0.01,0.0100,0.01,0.001,0.001,0.001,0.001,0.001,0.001,0.001,0.001,0.001,0.001,0.001,0.001,0.001,0.001
Georgia,-,-,-,-,-,-,-,-,-,-,-,-,-,-,-,-,-,-,-,-,-,-,-,-,-,0.21,0.21,0.16,0.1175,0.11,0.058,0.019,0.007,0.005,0.005,0.005,0.003,0.003,0.006,0.007,0.008,0.008,0.008,0.009
German Democratic Republic  e/,-,-,-,-,-,-,-,-,-,-,-,-,-,-,-,-,1.22,1.22,1.35,1.33,1.39,1.39,1.33,1.28,-,-,-,-,-,-,-,-,-,-,-,-,-,-,-,-,-,NA,NA,NA
"Germany, Federal Republic of    e/",-,-,-,-,-,-,-,-,-,-,-,-,-,-,-,-,7.10,7.10,7.74,7.70,8.31,8.54,8.26,8.08,-,-,-,-,-,-,-,-,-,-,-,-,-,-,-,-,-,NA,NA,NA
Germany    e/,-,-,-,-,-,-,-,-,-,-,-,-,-,-,-,-,-,-,-,-,-,-,-,-,8.93,8.93,8.93,8.94,9.0425,9.06,9.630,9.808,9.857,9.825,9.845,9.769,8.662,8.577,8.018,7.141,6.389,6.090,6.111,5.692
Ghana,-,-,-,-,-,-,-,-,-,-,0.07,0.07,0.07,0.09,0.08,0.08,0.07,0.04,0.02,0.02,0.03,0.02,0.01,0.01,0.01,0.01,0.01,0.01,0.0100,0.01,0.007,0.007,0.007,0.005,0.005,0.005,0.004,0.004,0.006,0.014,0.016,0.015,0.024,0.025
Greece,0.17,0.17,0.17,0.17,0.17,0.18,0.18,0.19,0.21,0.21,0.20,0.19,0.23,0.23,0.25,0.29,0.29,0.32,0.39,0.35,0.35,0.40,0.44,0.40,0.35,0.35,0.35,0.37,0.3800,0.38,0.368,0.351,0.351,0.542,0.543,0.539,0.530,0.596,0.691,0.638,0.471,0.366,0.325,0.280
Grenada,-,-,-,-,-,-,-,-,-,-,-,-,-,-,-,-,-,0.02,0.02,0.01,0.01,0.01,0.01,0.01,0.01,0.01,0.01,0.01,0.0100,0.01,0.001,0.001,0.001,0.001,0.001,0.001,0.001,0.001,0.001,0.001,0.001,0.001,0.001,0.001
Guatemala,0.05,0.05,0.05,0.05,0.05,0.06,0.06,0.06,0.07,0.07,0.07,0.07,0.05,0.05,0.04,0.05,0.05,0.03,0.02,0.02,0.02,0.02,0.02,0.02,0.02,0.02,0.02,0.02,0.0200,0.02,0.019,0.018,0.018,0.027,0.027,0.027,0.030,0.032,0.028,0.027,0.028,0.036,0.041,0.046
Guinea,-,-,-,-,-,-,-,-,-,-,-,0.04,0.04,0.04,0.04,0.04,0.04,0.02,0.02,0.01,0.01,0.01,0.01,0.01,0.01,0.01,0.01,0.01,0.0100,0.01,0.003,0.003,0.003,0.003,0.003,0.003,0.003,0.001,0.002,0.001,0.002,0.003,0.003,0.004
Guinea-Bissau,-,-,-,-,-,-,-,-,-,-,-,-,-,-,-,-,-,0.02,0.02,0.01,0.01,0.01,0.01,0.01,0.01,0.01,0.01,0.01,0.0100,0.01,0.001,0.001,0.001,0.001,0.001,0.001,0.001,0.001,0.001,0.001,0.001,0.001,0.001,0.001
Guyana,-,-,-,-,-,-,-,-,-,-,-,-,-,-,0.04,0.04,0.04,0.02,0.02,0.01,0.01,0.01,0.01,0.01,0.01,0.01,0.01,0.01,0.0100,0.01,0.001,0.001,0.001,0.001,0.001,0.001,0.001,0.001,0.001,0.001,0.002,0.002,0.004,0.011
Haiti,0.04,0.04,0.04,0.04,0.04,0.04,0.04,0.04,0.04,0.04,0.04,0.04,0.04,0.04,0.04,0.04,0.04,0.02,0.02,0.01,0.01,0.01,0.01,0.01,0.01,0.01,0.01,0.01,0.0100,0.01,0.002,0.002,0.002,0.002,0.002,0.002,0.003,0.002,0.003,0.003,0.003,0.003,0.006,0.006
Honduras,0.04,0.04,0.04,0.04,0.04,0.04,0.04,0.04,0.04,0.04,0.04,0.04,0.04,0.04,0.04,0.04,0.04,0.02,0.02,0.01,0.01,0.01,0.01,0.01,0.01,0.01,0.01,0.01,0.0100,0.01,0.004,0.003,0.003,0.005,0.004,0.005,0.005,0.005,0.008,0.008,0.008,0.009,0.009,0.010
Hungary,-,-,-,-,-,-,-,-,-,0.46,0.46,0.39,0.42,0.56,0.56,0.52,0.48,0.33,0.34,0.33,0.33,0.23,0.22,0.21,0.18,0.18,0.18,0.15,0.1400,0.14,0.119,0.120,0.120,0.121,0.121,0.120,0.126,0.244,0.291,0.266,0.161,0.206,0.228,0.223
Iceland,0.04,0.04,0.04,0.04,0.04,0.04,0.04,0.04,0.04,0.04,0.04,0.04,0.04,0.04,0.04,0.04,0.04,0.02,0.02,0.02,0.03,0.03,0.03,0.03,0.03,0.03,0.03,0.03,0.0300,0.03,0.032,0.032,0.032,0.033,0.033,0.033,0.034,0.037,0.042,0.027,0.023,0.028,0.036,0.035
India,4.09,3.95,3.95,3.25,3.25,3.41,3.53,3.45,3.40,3.30,2.97,2.90,2.46,2.03,1.85,1.74,1.55,1.20,0.70,0.68,0.60,0.36,0.35,0.37,0.36,0.36,0.36,0.31,0.3100,0.31,0.305,0.299,0.299,0.343,0.344,0.341,0.421,0.450,0.534,0.666,0.737,0.834,1.044,1.106
Indonesia,-,-,-,-,0.60,0.60,0.60,0.60,0.60,0.56,0.51,0.50,0.47,0.45,0.39,0.34,0.28,0.19,0.14,0.14,0.16,0.13,0.14,0.15,0.16,0.16,0.16,0.14,0.1400,0.14,0.173,0.184,0.188,0.201,0.201,0.200,0.142,0.161,0.238,0.346,0.504,0.543,0.549,0.579
Iran (Islamic Republic of),0.47,0.45,0.45,0.45,0.45,0.45,0.40,0.33,0.28,0.25,0.27,0.26,0.21,0.20,0.20,0.22,0.22,0.20,0.43,0.40,0.65,0.58,0.63,0.69,0.77,0.77,0.77,0.60,0.4675,0.45,0.303,0.193,0.161,0.253,0.236,0.272,0.157,0.180,0.233,0.356,0.471,0.398,0.371,0.386
Iraq,0.17,0.17,0.17,0.17,0.17,0.17,0.14,0.12,0.12,0.11,0.12,0.12,0.09,0.09,0.08,0.07,0.07,0.05,0.10,0.08,0.12,0.12,0.12,0.12,0.13,0.13,0.13,0.14,0.1400,0.14,0.087,0.045,0.032,0.127,0.102,0.136,0.016,0.015,0.020,0.068,0.129,0.129,0.128,0.131
Ireland,-,-,-,-,-,-,-,-,-,0.19,0.19,0.18,0.16,0.14,0.16,0.17,0.15,0.15,0.15,0.15,0.16,0.18,0.18,0.18,0.18,0.18,0.18,0.20,0.2100,0.21,0.223,0.224,0.224,0.296,0.297,0.294,0.350,0.445,0.498,0.418,0.335,0.371,0.439,0.472
Israel,-,-,-,0.12,0.12,0.12,0.17,0.17,0.17,0.17,0.16,0.16,0.14,0.15,0.17,0.20,0.20,0.21,0.24,0.23,0.25,0.23,0.22,0.21,0.23,0.23,0.23,0.26,0.2675,0.27,0.329,0.345,0.350,0.417,0.418,0.415,0.467,0.419,0.384,0.396,0.430,0.490,0.561,0.609
Italy,-,-,-,-,-,-,-,-,-,2.08,2.08,2.03,2.25,2.24,2.54,3.24,3.54,3.60,3.30,3.38,3.45,3.74,3.79,3.99,4.29,4.29,4.29,4.79,5.1975,5.25,5.394,5.432,5.437,5.094,5.104,5.065,4.885,5.079,4.999,4.448,3.748,3.307,3.189,2.813
Jamaica,-,-,-,-,-,-,-,-,-,-,-,-,-,0.05,0.05,0.05,0.04,0.02,0.02,0.02,0.02,0.02,0.02,0.01,0.01,0.01,0.01,0.01,0.0100,0.01,0.006,0.006,0.006,0.004,0.004,0.004,0.008,0.010,0.014,0.011,0.009,0.008,0.008,0.007
Japan,-,-,-,-,-,-,-,-,-,-,1.92,1.92,2.19,2.27,2.77,3.78,5.40,7.15,8.66,8.64,9.58,10.32,10.84,11.38,12.45,12.45,12.45,13.95,15.4350,15.65,17.981,19.984,20.573,19.629,19.669,19.516,19.468,16.624,12.530,10.833,9.680,8.564,8.033,6.930
Jordan,-,-,-,-,-,-,-,-,-,0.04,0.04,0.04,0.04,0.04,0.04,0.04,0.04,0.02,0.02,0.01,0.01,0.01,0.01,0.01,0.01,0.01,0.01,0.01,0.0100,0.01,0.008,0.006,0.006,0.008,0.008,0.008,0.011,0.012,0.014,0.022,0.020,0.021,0.022,0.021
Kazakhstan,-,-,-,-,-,-,-,-,-,-,-,-,-,-,-,-,-,-,-,-,-,-,-,-,-,0.35,0.35,0.26,0.2000,0.19,0.124,0.066,0.048,0.029,0.029,0.028,0.025,0.029,0.076,0.121,0.191,0.178,0.133,0.131
Kenya,-,-,-,-,-,-,-,-,-,-,-,-,-,0.04,0.04,0.04,0.04,0.02,0.02,0.01,0.01,0.01,0.01,0.01,0.01,0.01,0.01,0.01,0.0100,0.01,0.007,0.007,0.007,0.008,0.008,0.008,0.009,0.010,0.012,0.013,0.018,0.024,0.030,0.037
Kiribati,-,-,-,-,-,-,-,-,-,-,-,-,-,-,-,-,-,-,-,-,-,-,-,-,-,-,-,-,-,-,-,-,-,0.001,0.001,0.001,0.001,0.001,0.001,0.001,0.001,0.001,0.001,0.001
Kuwait,-,-,-,-,-,-,-,-,-,-,-,-,-,0.04,0.06,0.07,0.08,0.09,0.16,0.15,0.20,0.25,0.29,0.29,0.25,0.25,0.25,0.20,0.1900,0.19,0.154,0.134,0.128,0.148,0.148,0.147,0.162,0.182,0.263,0.273,0.285,0.252,0.234,0.222
Kyrgyzstan,-,-,-,-,-,-,-,-,-,-,-,-,-,-,-,-,-,-,-,-,-,-,-,-,-,0.06,0.06,0.04,0.0325,0.03,0.015,0.008,0.006,0.001,0.001,0.001,0.001,0.001,0.001,0.002,0.002,0.002,0.002,0.003
Lao People's Democratic Republic,-,-,-,-,-,-,-,-,-,0.04,0.04,0.04,0.04,0.04,0.04,0.04,0.04,0.02,0.02,0.01,0.01,0.01,0.01,0.01,0.01,0.01,0.01,0.01,0.0100,0.01,0.001,0.001,0.001,0.001,0.001,0.001,0.001,0.001,0.001,0.002,0.003,0.005,0.007,0.006
Latvia,-,-,-,-,-,-,-,-,-,-,-,-,-,-,-,-,-,-,-,-,-,-,-,-,-,0.13,0.13,0.10,0.0825,0.08,0.046,0.024,0.017,0.010,0.010,0.010,0.015,0.018,0.038,0.047,0.050,0.047,0.050,0.050
Lebanon,0.06,0.06,0.06,0.06,0.06,0.06,0.06,0.05,0.05,0.05,0.05,0.05,0.05,0.05,0.05,0.05,0.05,0.03,0.03,0.03,0.03,0.02,0.01,0.01,0.01,0.01,0.01,0.01,0.0100,0.01,0.016,0.016,0.016,0.012,0.012,0.012,0.024,0.034,0.033,0.042,0.046,0.047,0.036,0.022
Lesotho,-,-,-,-,-,-,-,-,-,-,-,-,-,-,0.04,0.04,0.04,0.02,0.02,0.01,0.01,0.01,0.01,0.01,0.01,0.01,0.01,0.01,0.0100,0.01,0.002,0.002,0.002,0.001,0.001,0.001,0.001,0.001,0.001,0.001,0.001,0.001,0.001,0.001
Liberia,0.04,0.04,0.04,0.04,0.04,0.04,0.04,0.04,0.04,0.04,0.04,0.04,0.04,0.04,0.04,0.04,0.04,0.02,0.02,0.01,0.01,0.01,0.01,0.01,0.01,0.01,0.01,0.01,0.0100,0.01,0.002,0.002,0.002,0.001,0.001,0.001,0.001,0.001,0.001,0.001,0.001,0.001,0.001,0.001
Libya,-,-,-,-,-,-,-,-,-,0.04,0.04,0.04,0.04,0.04,0.04,0.04,0.07,0.11,0.17,0.16,0.23,0.26,0.26,0.28,0.24,0.24,0.24,0.21,0.2025,0.20,0.160,0.132,0.124,0.067,0.067,0.067,0.132,0.062,0.129,0.142,0.125,0.030,0.018,0.040
Liechtenstein,-,-,-,-,-,-,-,-,-,-,-,-,-,-,-,-,-,-,-,-,-,-,-,-,0.01,0.01,0.01,0.01,0.0100,0.01,0.005,0.006,0.006,0.006,0.006,0.006,0.005,0.010,0.009,0.009,0.007,0.009,0.010,0.009
Lithuania,-,-,-,-,-,-,-,-,-,-,-,-,-,-,-,-,-,-,-,-,-,-,-,-,-,0.15,0.15,0.11,0.0850,0.08,0.045,0.022,0.015,0.017,0.017,0.017,0.024,0.031,0.065,0.073,0.072,0.071,0.077,0.081
Luxembourg,0.05,0.05,0.05,0.05,0.05,0.05,0.05,0.05,0.06,0.06,0.06,0.06,0.06,0.05,0.05,0.05,0.05,0.04,0.04,0.04,0.05,0.06,0.05,0.06,0.06,0.06,0.06,0.07,0.0700,0.07,0.066,0.068,0.068,0.080,0.080,0.080,0.077,0.085,0.090,0.081,0.064,0.067,0.068,0.073
Madagascar,-,-,-,-,-,-,-,-,-,-,-,-,0.06,0.04,0.04,0.04,0.04,0.02,0.02,0.01,0.01,0.01,0.01,0.01,0.01,0.01,0.01,0.01,0.0100,0.01,0.003,0.003,0.003,0.003,0.003,0.003,0.003,0.002,0.003,0.003,0.003,0.004,0.004,0.004
Malawi,-,-,-,-,-,-,-,-,-,-,-,-,-,0.04,0.04,0.04,0.04,0.02,0.02,0.01,0.01,0.01,0.01,0.01,0.01,0.01,0.01,0.01,0.0100,0.01,0.002,0.002,0.002,0.002,0.002,0.002,0.001,0.001,0.001,0.002,0.002,0.002,0.002,0.003
Malaysia,-,-,-,-,-,-,-,-,-,-,0.22,0.22,0.17,0.13,0.12,0.11,0.10,0.07,0.09,0.09,0.09,0.09,0.10,0.11,0.12,0.12,0.12,0.14,0.1400,0.14,0.168,0.180,0.183,0.237,0.237,0.235,0.203,0.190,0.253,0.281,0.322,0.341,0.348,0.326
Maldives,-,-,-,-,-,-,-,-,-,-,-,-,-,-,0.04,0.04,0.04,0.02,0.02,0.01,0.01,0.01,0.01,0.01,0.01,0.01,0.01,0.01,0.0100,0.01,0.001,0.001,0.001,0.001,0.001,0.001,0.001,0.001,0.001,0.001,0.002,0.004,0.004,0.004
Mali,-,-,-,-,-,-,-,-,-,-,-,-,0.04,0.04,0.04,0.04,0.04,0.02,0.02,0.01,0.01,0.01,0.01,0.01,0.01,0.01,0.01,0.01,0.0100,0.01,0.003,0.002,0.002,0.002,0.002,0.002,0.002,0.001,0.003,0.004,0.003,0.004,0.005,0.005
Malta,-,-,-,-,-,-,-,-,-,-,-,-,-,0.04,0.04,0.04,0.04,0.02,0.02,0.01,0.01,0.01,0.01,0.01,0.01,0.01,0.01,0.01,0.0100,0.01,0.014,0.014,0.014,0.015,0.015,0.015,0.014,0.017,0.017,0.016,0.016,0.017,0.019,0.020
Marshall Islands,-,-,-,-,-,-,-,-,-,-,-,-,-,-,-,-,-,-,-,-,-,-,-,-,0.01,0.01,0.01,0.01,0.0100,0.01,0.001,0.001,0.001,0.001,0.001,0.001,0.001,0.001,0.001,0.001,0.001,0.001,0.001,0.001
Mauritania,-,-,-,-,-,-,-,-,-,-,-,-,0.04,0.04,0.04,0.04,0.04,0.02,0.02,0.01,0.01,0.01,0.01,0.01,0.01,0.01,0.01,0.01,0.0100,0.01,0.001,0.001,0.001,0.001,0.001,0.001,0.001,0.001,0.001,0.002,0.002,0.002,0.002,0.003
Mauritius,-,-,-,-,-,-,-,-,-,-,-,-,-,-,-,0.04,0.04,0.02,0.02,0.01,0.01,0.01,0.01,0.01,0.01,0.01,0.01,0.01,0.0100,0.01,0.009,0.009,0.009,0.011,0.011,0.011,0.011,0.011,0.011,0.013,0.012,0.011,0.019,0.010
Mexico,0.66,0.63,0.63,0.63,0.63,0.63,0.65,0.70,0.75,0.80,0.70,0.68,0.71,0.74,0.81,0.87,0.88,0.86,0.78,0.79,0.76,0.88,0.89,0.94,0.88,0.88,0.88,0.78,0.7875,0.79,0.941,0.980,0.995,1.093,1.095,1.086,1.883,2.257,2.356,1.842,1.435,1.292,1.221,1.137
Micronesia (Federated States of),-,-,-,-,-,-,-,-,-,-,-,-,-,-,-,-,-,-,-,-,-,-,-,-,0.01,0.01,0.01,0.01,0.0100,0.01,0.001,0.001,0.001,0.001,0.001,0.001,0.001,0.001,0.001,0.001,0.001,0.001,0.001,0.001
Monaco,-,-,-,-,-,-,-,-,-,-,-,-,-,-,-,-,-,-,-,-,-,-,-,-,-,-,0.01,0.01,0.0100,0.01,0.003,0.004,0.004,0.004,0.004,0.004,0.003,0.003,0.003,0.012,0.010,0.011,0.011,0.011
Mongolia,-,-,-,-,-,-,-,-,-,-,-,-,0.04,0.04,0.04,0.04,0.04,0.02,0.02,0.01,0.01,0.01,0.01,0.01,0.01,0.01,0.01,0.01,0.0100,0.01,0.002,0.002,0.002,0.001,0.001,0.001,0.001,0.001,0.002,0.003,0.005,0.005,0.004,0.004
Montenegro,NA,NA,NA,NA,NA,NA,NA,NA,NA,NA,NA,NA,NA,NA,NA,NA,NA,NA,NA,NA,NA,NA,NA,NA,NA,NA,NA,NA,NA,NA,NA,NA,NA,NA,NA,NA,NA,0.001,0.004,0.005,0.004,0.004,0.004,0.004
Morocco,-,-,-,-,-,-,-,-,-,-,-,0.12,0.14,0.14,0.11,0.10,0.09,0.06,0.05,0.05,0.05,0.05,0.05,0.04,0.03,0.03,0.03,0.03,0.0300,0.03,0.041,0.041,0.041,0.045,0.045,0.044,0.047,0.042,0.058,0.062,0.054,0.055,0.055,0.059
Mozambique,-,-,-,-,-,-,-,-,-,-,-,-,-,-,-,-,-,0.02,0.02,0.02,0.01,0.01,0.01,0.01,0.01,0.01,0.01,0.01,0.0100,0.01,0.002,0.001,0.001,0.001,0.001,0.001,0.001,0.001,0.003,0.003,0.004,0.004,0.004,0.002
Myanmar (formerly  Burma),-,-,0.15,0.15,0.15,0.15,0.15,0.13,0.13,0.13,0.10,0.10,0.08,0.07,0.06,0.06,0.05,0.03,0.02,0.01,0.01,0.01,0.01,0.01,0.01,0.01,0.01,0.01,0.0100,0.01,0.009,0.008,0.008,0.010,0.010,0.010,0.010,0.005,0.006,0.010,0.010,0.010,0.010,0.010
Namibia,-,-,-,-,-,-,-,-,-,-,-,-,-,-,-,-,-,-,-,-,-,-,-,-,0.01,0.01,0.01,0.01,0.0100,0.01,0.007,0.007,0.007,0.007,0.007,0.007,0.006,0.006,0.008,0.010,0.010,0.009,0.009,0.007
Nauru,-,-,-,-,-,-,-,-,-,-,-,-,-,-,-,-,-,-,-,-,-,-,-,-,-,-,-,-,-,-,-,-,-,0.001,0.001,0.001,0.001,0.001,0.001,0.001,0.001,0.001,0.001,0.001
Nepal,-,-,-,-,-,-,-,-,-,0.04,0.04,0.04,0.04,0.04,0.04,0.04,0.04,0.02,0.02,0.01,0.01,0.01,0.01,0.01,0.01,0.01,0.01,0.01,0.0100,0.01,0.004,0.004,0.004,0.004,0.004,0.004,0.004,0.003,0.006,0.006,0.006,0.007,0.010,0.010
Netherlands,1.47,1.40,1.40,1.40,1.40,1.35,1.27,1.25,1.25,1.25,1.15,1.12,1.01,1.01,1.11,1.16,1.18,1.24,1.38,1.42,1.63,1.78,1.74,1.65,1.50,1.50,1.50,1.58,1.5875,1.59,1.619,1.631,1.632,1.748,1.751,1.738,1.690,1.873,1.855,1.654,1.482,1.356,1.377,1.298
New Zealand,0.52,0.50,0.50,0.50,0.50,0.50,0.50,0.48,0.48,0.48,0.43,0.42,0.42,0.41,0.38,0.36,0.32,0.28,0.28,0.26,0.27,0.26,0.24,0.24,0.24,0.24,0.24,0.24,0.2400,0.24,0.221,0.221,0.221,0.242,0.243,0.241,0.221,0.256,0.273,0.253,0.268,0.291,0.309,0.302
Nicaragua,0.04,0.04,0.04,0.04,0.04,0.04,0.04,0.04,0.04,0.04,0.04,0.04,0.04,0.04,0.04,0.04,0.04,0.02,0.02,0.01,0.01,0.01,0.01,0.01,0.01,0.01,0.01,0.01,0.0100,0.01,0.002,0.001,0.001,0.001,0.001,0.001,0.001,0.002,0.003,0.003,0.004,0.005,0.005,0.004
Niger,-,-,-,-,-,-,-,-,-,-,-,-,0.04,0.04,0.04,0.04,0.04,0.02,0.02,0.01,0.01,0.01,0.01,0.01,0.01,0.01,0.01,0.01,0.0100,0.01,0.002,0.002,0.002,0.001,0.001,0.001,0.001,0.001,0.002,0.002,0.002,0.002,0.003,0.004
Nigeria,-,-,-,-,-,-,-,-,-,-,-,-,0.21,0.21,0.17,0.14,0.12,0.10,0.13,0.13,0.16,0.19,0.19,0.20,0.20,0.20,0.20,0.16,0.1150,0.11,0.070,0.040,0.032,0.062,0.056,0.068,0.042,0.048,0.078,0.090,0.209,0.250,0.182,0.150
North Macedonia (formerly the former Yugoslav Republic of Macedonia),-,-,-,-,-,-,-,-,-,-,-,-,-,-,-,-,-,-,-,-,-,-,-,-,-,-,-,0.01,0.0100,0.01,0.005,0.004,0.004,0.006,0.006,0.006,0.006,0.005,0.007,0.008,0.007,0.007,0.007,0.008
Norway,0.52,0.50,0.50,0.50,0.50,0.50,0.50,0.50,0.50,0.50,0.49,0.48,0.49,0.45,0.44,0.43,0.43,0.43,0.43,0.45,0.50,0.51,0.54,0.55,0.55,0.55,0.55,0.55,0.5600,0.56,0.605,0.610,0.610,0.650,0.652,0.646,0.679,0.782,0.871,0.851,0.849,0.754,0.679,0.653
Oman,-,-,-,-,-,-,-,-,-,-,-,-,-,-,-,-,0.04,0.02,0.02,0.01,0.01,0.01,0.02,0.02,0.03,0.03,0.03,0.04,0.0400,0.04,0.050,0.051,0.051,0.062,0.062,0.061,0.070,0.073,0.086,0.102,0.113,0.115,0.111,0.115
Pakistan,-,-,-,0.70,0.70,0.74,0.79,0.79,0.75,0.67,0.55,0.54,0.40,0.42,0.37,0.37,0.34,0.14,0.06,0.07,0.07,0.06,0.06,0.06,0.06,0.06,0.06,0.06,0.0600,0.06,0.060,0.059,0.059,0.061,0.061,0.061,0.055,0.059,0.082,0.085,0.093,0.115,0.114,0.123
Palau,-,-,-,-,-,-,-,-,-,-,-,-,-,-,-,-,-,-,-,-,-,-,-,-,-,-,-,-,0.0100,0.01,0.001,0.001,0.001,0.001,0.001,0.001,0.001,0.001,0.001,0.001,0.001,0.001,0.001,0.001
Panama,0.05,0.05,0.05,0.05,0.05,0.05,0.05,0.05,0.05,0.05,0.05,0.05,0.04,0.04,0.04,0.04,0.04,0.02,0.02,0.02,0.02,0.02,0.02,0.02,0.02,0.02,0.02,0.01,0.0100,0.01,0.016,0.013,0.013,0.018,0.018,0.018,0.019,0.023,0.022,0.026,0.034,0.045,0.090,0.086
Papua New Guinea,-,-,-,-,-,-,-,-,-,-,-,-,-,-,-,-,-,0.02,0.02,0.01,0.01,0.01,0.01,0.01,0.01,0.01,0.01,0.01,0.0100,0.01,0.007,0.007,0.007,0.006,0.006,0.006,0.003,0.002,0.002,0.004,0.004,0.010,0.010,0.009
Paraguay,0.04,0.04,0.04,0.04,0.04,0.04,0.04,0.04,0.04,0.04,0.04,0.04,0.04,0.04,0.04,0.04,0.04,0.02,0.02,0.01,0.01,0.01,0.02,0.03,0.02,0.02,0.02,0.01,0.0100,0.01,0.014,0.014,0.014,0.016,0.016,0.016,0.012,0.005,0.007,0.010,0.014,0.016,0.026,0.023
Peru,0.21,0.20,0.20,0.20,0.20,0.20,0.20,0.18,0.18,0.18,0.15,0.15,0.11,0.10,0.09,0.10,0.10,0.07,0.06,0.06,0.06,0.07,0.07,0.06,0.06,0.06,0.06,0.06,0.0600,0.06,0.085,0.095,0.099,0.119,0.119,0.118,0.092,0.078,0.090,0.117,0.136,0.152,0.163,0.145
Philippines,0.30,0.29,0.29,0.29,0.29,0.29,0.29,0.39,0.45,0.45,0.41,0.40,0.43,0.40,0.35,0.34,0.31,0.18,0.10,0.10,0.10,0.09,0.10,0.09,0.07,0.07,0.07,0.06,0.0600,0.06,0.077,0.080,0.081,0.101,0.101,0.100,0.095,0.078,0.090,0.154,0.165,0.205,0.212,0.198
Poland,1.00,0.95,0.95,0.95,0.95,1.05,1.36,1.58,1.73,1.73,1.56,1.52,1.37,1.28,1.45,1.47,1.41,1.26,1.40,1.39,1.24,0.72,0.64,0.56,0.47,0.47,0.47,0.38,0.3375,0.33,0.251,0.207,0.196,0.353,0.319,0.378,0.461,0.501,0.828,0.921,0.841,0.802,0.837,0.831
Portugal,-,-,-,-,-,-,-,-,-,0.25,0.25,0.24,0.20,0.16,0.15,0.16,0.16,0.15,0.20,0.19,0.19,0.18,0.18,0.18,0.20,0.20,0.20,0.24,0.2750,0.28,0.368,0.417,0.431,0.465,0.466,0.462,0.470,0.527,0.511,0.474,0.392,0.350,0.353,0.328
Qatar,-,-,-,-,-,-,-,-,-,-,-,-,-,-,-,-,0.04,0.02,0.02,0.02,0.03,0.03,0.04,0.05,0.05,0.05,0.05,0.04,0.0400,0.04,0.033,0.033,0.033,0.034,0.034,0.034,0.064,0.085,0.135,0.209,0.269,0.282,0.269,0.245
Republic of Korea,-,-,-,-,-,-,-,-,-,-,-,-,-,-,-,-,-,-,-,-,-,-,-,-,0.69,0.69,0.69,0.80,0.8175,0.82,0.955,0.994,1.006,1.728,1.866,1.851,1.796,2.173,2.260,1.994,2.039,2.267,2.574,2.349
Republic of Moldova,NA,NA,NA,NA,NA,NA,NA,NA,NA,NA,NA,NA,NA,NA,NA,NA,NA,NA,NA,NA,NA,NA,NA,NA,NA,NA,NA,NA,0.0850,0.08,0.043,0.018,0.010,0.002,0.002,0.002,0.001,0.001,0.002,0.003,0.004,0.003,0.005,0.006
Romania,-,-,-,-,-,-,-,-,-,0.50,0.50,0.49,0.34,0.32,0.35,0.36,0.36,0.30,0.26,0.24,0.21,0.19,0.19,0.19,0.17,0.17,0.17,0.15,0.1500,0.15,0.102,0.067,0.056,0.059,0.059,0.058,0.060,0.070,0.177,0.226,0.184,0.198,0.312,0.358
Russian Federation,-,-,-,-,-,-,-,-,-,-,-,-,-,-,-,-,-,-,-,-,-,-,-,-,9.41,6.71,6.71,5.68,4.4500,4.27,2.873,1.487,1.077,1.200,1.200,1.200,1.100,1.200,1.602,2.438,3.088,2.405,1.866,2.094
Rwanda,-,-,-,-,-,-,-,-,-,-,-,-,-,0.04,0.04,0.04,0.04,0.02,0.02,0.01,0.01,0.01,0.01,0.01,0.01,0.01,0.01,0.01,0.0100,0.01,0.002,0.001,0.001,0.001,0.001,0.001,0.001,0.001,0.001,0.002,0.002,0.003,0.003,0.003
Saint Kitts and Nevis,-,-,-,-,-,-,-,-,-,-,-,-,-,-,-,-,-,-,-,-,-,0.01,0.01,0.01,0.01,0.01,0.01,0.01,0.0100,0.01,0.001,0.001,0.001,0.001,0.001,0.001,0.001,0.001,0.001,0.001,0.001,0.001,0.002,0.001
Saint Lucia,-,-,-,-,-,-,-,-,-,-,-,-,-,-,-,-,-,-,-,0.01,0.01,0.01,0.01,0.01,0.01,0.01,0.01,0.01,0.0100,0.01,0.001,0.001,0.001,0.002,0.002,0.002,0.002,0.001,0.001,0.001,0.001,0.001,0.002,0.002
Saint Vincent and the Grenadines,-,-,-,-,-,-,-,-,-,-,-,-,-,-,-,-,-,-,-,-,0.01,0.01,0.01,0.01,0.01,0.01,0.01,0.01,0.0100,0.01,0.001,0.001,0.001,0.001,0.001,0.001,0.001,0.001,0.001,0.001,0.001,0.001,0.001,0.001
Samoa,-,-,-,-,-,-,-,-,-,-,-,-,-,-,-,-,-,0.02,0.02,0.01,0.01,0.01,0.01,0.01,0.01,0.01,0.01,0.01,0.0100,0.01,0.001,0.001,0.001,0.001,0.001,0.001,0.001,0.001,0.001,0.001,0.001,0.001,0.001,0.001
San Marino,-,-,-,-,-,-,-,-,-,-,-,-,-,-,-,-,-,-,-,-,-,-,-,-,-,0.01,0.01,0.01,0.0100,0.01,0.002,0.002,0.002,0.002,0.002,0.002,0.003,0.003,0.003,0.003,0.003,0.002,0.002,0.002
Sao Tome and Principe,-,-,-,-,-,-,-,-,-,-,-,-,-,-,-,-,-,0.02,0.02,0.01,0.01,0.01,0.01,0.01,0.01,0.01,0.01,0.01,0.0100,0.01,0.001,0.001,0.001,0.001,0.001,0.001,0.001,0.001,0.001,0.001,0.001,0.001,0.001,0.001
Saudi Arabia,0.08,0.08,0.08,0.08,0.08,0.08,0.08,0.07,0.07,0.07,0.07,0.07,0.06,0.07,0.07,0.05,0.07,0.06,0.24,0.23,0.58,0.86,0.97,1.02,0.96,0.96,0.96,0.80,0.7200,0.71,0.594,0.569,0.562,0.557,0.559,0.554,0.713,0.748,0.830,0.864,1.146,1.172,1.184,1.217
Senegal,-,-,-,-,-,-,-,-,-,-,-,-,0.06,0.05,0.04,0.04,0.04,0.02,0.02,0.01,0.01,0.01,0.01,0.01,0.01,0.01,0.01,0.01,0.0100,0.01,0.006,0.006,0.006,0.005,0.005,0.005,0.005,0.004,0.006,0.006,0.005,0.007,0.007,0.007
Serbia (formerly Yugoslavia) f/,-,-,-,-,-,-,-,-,-,-,-,-,-,-,-,-,-,-,-,-,-,-,-,-,-,-,-,-,0.1025,0.10,0.060,0.034,0.026,0.020,0.020,0.020,0.019,0.021,0.037,0.040,0.032,0.028,0.032,0.040
Seychelles,-,-,-,-,-,-,-,-,-,-,-,-,-,-,-,-,-,0.02,0.02,0.01,0.01,0.01,0.01,0.01,0.01,0.01,0.01,0.01,0.0100,0.01,0.002,0.002,0.002,0.002,0.002,0.002,0.002,0.002,0.002,0.001,0.001,0.002,0.002,0.002
Sierra Leone,-,-,-,-,-,-,-,-,-,-,-,-,0.04,0.04,0.04,0.04,0.04,0.02,0.02,0.01,0.01,0.01,0.01,0.01,0.01,0.01,0.01,0.01,0.0100,0.01,0.001,0.001,0.001,0.001,0.001,0.001,0.001,0.001,0.001,0.001,0.001,0.001,0.001,0.001
Singapore,-,-,-,-,-,-,-,-,-,-,-,-,-,-,0.04,0.05,0.05,0.04,0.08,0.08,0.08,0.09,0.10,0.11,0.12,0.12,0.12,0.14,0.1400,0.14,0.167,0.176,0.179,0.395,0.396,0.393,0.388,0.347,0.335,0.384,0.447,0.485,0.504,0.479
Slovakia,-,-,-,-,-,-,-,-,-,-,-,-,-,-,-,-,-,-,-,-,-,-,-,-,-,-,0.13,0.10,0.0825,0.08,0.053,0.039,0.035,0.043,0.043,0.043,0.051,0.063,0.142,0.171,0.160,0.153,0.155,0.149
Slovenia,-,-,-,-,-,-,-,-,-,-,-,-,-,-,-,-,-,-,-,-,-,-,-,-,-,0.09,0.09,0.07,0.0700,0.07,0.060,0.061,0.061,0.081,0.081,0.081,0.082,0.096,0.103,0.100,0.084,0.076,0.079,0.077
Solomon Islands,-,-,-,-,-,-,-,-,-,-,-,-,-,-,-,-,-,-,-,0.01,0.01,0.01,0.01,0.01,0.01,0.01,0.01,0.01,0.0100,0.01,0.001,0.001,0.001,0.001,0.001,0.001,0.001,0.001,0.001,0.001,0.001,0.001,0.001,0.001
Somalia,-,-,-,-,-,-,-,-,-,-,-,-,0.04,0.04,0.04,0.04,0.04,0.02,0.02,0.01,0.01,0.01,0.01,0.01,0.01,0.01,0.01,0.01,0.0100,0.01,0.001,0.001,0.001,0.001,0.001,0.001,0.001,0.001,0.001,0.001,0.001,0.001,0.001,0.002
South Africa,1.15,1.12,1.12,1.12,1.12,1.04,0.90,0.83,0.78,0.78,0.71,0.67,0.56,0.53,0.52,0.52,0.54,0.50,0.40,0.42,0.42,0.41,0.44,0.45,0.41,0.41,0.41,0.34,0.3225,0.32,0.365,0.366,0.366,0.410,0.411,0.408,0.292,0.290,0.385,0.372,0.364,0.272,0.244,0.251
South Sudan,-,-,-,-,-,-,-,-,-,-,-,-,-,-,-,-,-,-,-,-,-,-,-,-,-,-,-,-,-,-,-,-,-,-,-,-,-,-,-,0.004,0.003,0.006,0.002,0.005
Spain,-,-,-,-,-,-,-,-,-,1.14,1.14,1.11,0.93,0.86,0.73,0.92,1.04,0.99,1.53,1.53,1.70,1.93,2.03,1.95,1.98,1.98,1.98,2.24,2.3625,2.38,2.571,2.589,2.591,2.534,2.539,2.519,2.520,2.968,3.177,2.973,2.443,2.146,2.134,1.895
Sri Lanka,-,-,-,-,-,-,-,-,-,0.11,0.11,0.11,0.10,0.09,0.08,0.06,0.05,0.03,0.02,0.02,0.02,0.01,0.01,0.01,0.01,0.01,0.01,0.01,0.0100,0.01,0.013,0.012,0.012,0.016,0.016,0.016,0.017,0.016,0.019,0.025,0.031,0.044,0.045,0.038
Sudan,-,-,-,-,-,-,-,-,-,-,0.11,0.11,0.06,0.07,0.07,0.06,0.04,0.02,0.02,0.01,0.01,0.01,0.01,0.01,0.01,0.01,0.01,0.01,0.0100,0.01,0.009,0.007,0.007,0.006,0.006,0.006,0.008,0.010,0.010,0.010,0.010,0.010,0.010,0.008
Suriname,-,-,-,-,-,-,-,-,-,-,-,-,-,-,-,-,-,0.02,0.02,0.01,0.01,0.01,0.01,0.01,0.01,0.01,0.01,0.01,0.0100,0.01,0.004,0.004,0.004,0.002,0.002,0.002,0.001,0.001,0.003,0.004,0.006,0.005,0.003,0.002
Sweden,2.35,2.35,2.04,2.00,1.98,1.85,1.73,1.65,1.65,1.59,1.46,1.43,1.39,1.30,1.26,1.25,1.25,1.30,1.20,1.24,1.31,1.32,1.25,1.21,1.11,1.11,1.11,1.22,1.2275,1.23,1.099,1.084,1.079,1.033,1.035,1.027,0.998,1.071,1.064,0.960,0.956,0.906,0.871,0.822
Switzerland,-,-,-,-,-,-,-,-,-,-,-,-,-,-,-,-,-,-,-,-,-,-,-,-,-,-,-,-,-,-,-,-,-,-,-,1.274,1.197,1.216,1.130,1.047,1.140,1.151,1.134,1.029
Syrian Arab Republic,0.12,0.12,0.12,0.12,0.12,0.11,0.09,0.08,0.08,0.08,0.08,0.08,b/,0.05,0.05,0.04,0.04,0.02,0.02,0.02,0.03,0.03,0.04,0.04,0.04,0.04,0.04,0.05,0.0500,0.05,0.062,0.064,0.064,0.081,0.081,0.080,0.038,0.016,0.025,0.036,0.024,0.011,0.009,0.006
Tajikistan,-,-,-,-,-,-,-,-,-,-,-,-,-,-,-,-,-,-,-,-,-,-,-,-,-,0.05,0.05,0.03,0.0200,0.02,0.008,0.005,0.004,0.001,0.001,0.001,0.001,0.001,0.002,0.003,0.004,0.004,0.003,0.003
Thailand,-,0.27,0.27,0.27,0.27,0.24,0.21,0.18,0.18,0.18,0.16,0.16,0.16,0.16,0.14,0.13,0.13,0.11,0.10,0.10,0.10,0.08,0.09,0.10,0.11,0.11,0.11,0.13,0.1300,0.13,0.158,0.167,0.170,0.275,0.254,0.294,0.209,0.186,0.209,0.239,0.291,0.307,0.368,0.341
Timor-Leste,-,-,-,-,-,-,-,-,-,-,-,-,-,-,-,-,-,-,-,-,-,-,-,-,-,-,-,-,-,-,-,-,-,-,-,0.001,0.001,0.001,0.001,0.002,0.003,0.002,0.001,0.001
Togo,-,-,-,-,-,-,-,-,-,-,-,-,0.04,0.04,0.04,0.04,0.04,0.02,0.02,0.01,0.01,0.01,0.01,0.01,0.01,0.01,0.01,0.01,0.0100,0.01,0.002,0.001,0.001,0.001,0.001,0.001,0.001,0.001,0.001,0.001,0.001,0.002,0.002,0.002
Tonga,-,-,-,-,-,-,-,-,-,-,-,-,-,-,-,-,-,-,-,-,-,-,-,-,-,-,-,-,-,-,-,-,-,0.001,0.001,0.001,0.001,0.001,0.001,0.001,0.001,0.001,0.001,0.001
Trinidad and Tobago,-,-,-,-,-,-,-,-,-,-,-,-,-,0.04,0.04,0.04,0.04,0.02,0.02,0.03,0.03,0.03,0.04,0.05,0.05,0.05,0.05,0.04,0.0325,0.03,0.018,0.017,0.016,0.016,0.016,0.016,0.022,0.027,0.044,0.044,0.034,0.040,0.037,0.033
Tunisia,-,-,-,-,-,-,-,-,-,-,0.05,0.05,0.05,0.05,0.05,0.04,0.04,0.02,0.02,0.02,0.03,0.03,0.03,0.03,0.03,0.03,0.03,0.03,0.0300,0.03,0.028,0.028,0.028,0.031,0.031,0.030,0.032,0.031,0.030,0.036,0.028,0.025,0.019,0.018
TÃ¼rkiye (formerly Turkey),0.93,0.91,0.91,0.91,0.91,0.91,0.75,0.65,0.65,0.65,0.63,0.61,0.59,0.40,0.35,0.35,0.35,0.29,0.30,0.30,0.30,0.32,0.34,0.32,0.27,0.27,0.27,0.34,0.3750,0.38,0.440,0.440,0.440,0.443,0.444,0.440,0.372,0.381,0.617,1.328,1.018,1.371,0.845,0.685
Turkmenistan,-,-,-,-,-,-,-,-,-,-,-,-,-,-,-,-,-,-,-,-,-,-,-,-,-,0.06,0.06,0.04,0.0325,0.03,0.015,0.008,0.006,0.003,0.003,0.003,0.005,0.006,0.026,0.019,0.026,0.033,0.034,0.036
Tuvalu,-,-,-,-,-,-,-,-,-,-,-,-,-,-,-,-,-,-,-,-,-,-,-,-,-,-,-,-,-,-,-,-,-,0.001,0.001,0.001,0.001,0.001,0.001,0.001,0.001,0.001,0.001,0.001
Uganda,-,-,-,-,-,-,-,-,-,-,-,-,-,0.04,0.04,0.04,0.04,0.02,0.02,0.01,0.01,0.01,0.01,0.01,0.01,0.01,0.01,0.01,0.0100,0.01,0.004,0.004,0.004,0.005,0.005,0.005,0.006,0.003,0.006,0.006,0.009,0.008,0.010,0.010
Ukraine (formerly Ukrainian Soviet Socialist Republic),0.88,0.84,0.84,0.84,0.84,0.92,1.30,1.63,1.88,2.00,1.85,1.80,1.80,1.98,1.97,1.93,1.87,1.71,1.50,1.53,1.46,1.32,1.28,1.25,1.18,1.87,1.87,1.48,1.1400,1.09,0.678,0.302,0.190,0.053,0.053,0.053,0.039,0.045,0.087,0.099,0.103,0.057,0.056,0.074
Union of Soviet Socialist Republics,6.62,6.34,6.34,6.34,6.34,6.98,9.85,12.28,14.15,15.08,13.96,13.62,13.62,14.97,14.92,14.61,14.18,12.97,11.33,11.60,11.10,10.54,10.20,9.99,-,-,-,-,-,-,-,-,-,-,-,-,-,-,-,-,NA,NA,NA,NA
United Arab Emirates,-,-,-,-,-,-,-,-,-,-,-,-,-,-,-,-,0.04,0.02,0.08,0.07,0.10,0.16,0.18,0.19,0.21,0.21,0.21,0.19,0.1900,0.19,0.177,0.178,0.178,0.204,0.204,0.202,0.235,0.302,0.391,0.595,0.604,0.616,0.635,0.574
United Arab Republic,-,-,-,-,-,-,-,-,-,-,-,-,0.32,-,-,-,-,-,-,-,-,-,-,-,-,-,-,-,-,-,-,-,-,-,-,-,-,-,-,-,-,-,-,-
United Kingdom of Great Britain and Northern Ireland,11.98,11.48,11.48,11.37,11.37,11.37,10.56,10.30,9.80,8.85,7.81,7.62,7.78,7.58,7.21,6.62,5.90,5.31,4.44,4.52,4.46,4.67,4.86,4.86,5.02,5.02,5.02,5.27,5.3150,5.32,5.076,5.090,5.092,5.568,5.579,5.536,6.127,6.642,6.604,5.179,4.463,4.567,4.375,3.991
United Republic of Tanzania,-,-,-,-,-,-,-,-,-,-,-,-,0.04,0.04,0.04,0.04,0.04,0.02,0.02,0.01,0.01,0.01,0.01,0.01,0.01,0.01,0.01,0.01,0.0100,0.01,0.004,0.003,0.003,0.004,0.004,0.004,0.006,0.006,0.008,0.009,0.010,0.010,0.010,0.010
United States of America,39.89,39.89,39.89,39.89,39.79,38.92,36.90,35.12,33.33,33.33,33.33,32.51,32.51,32.02,31.91,31.57,31.52,25.00,25.00,25.00,25.00,25.00,25.00,25.00,25.00,25.00,25.00,25.00,25.0000,25.00,25.000,25.000,25.000,22.000,22.000,22.000,22.000,22.000,22.000,22.000,22.000,22.000,22.000,22.000
Uruguay,0.18,0.18,0.18,0.18,0.18,0.18,0.18,0.18,0.18,0.18,0.16,0.16,0.12,0.11,0.10,0.09,0.07,0.06,0.04,0.04,0.04,0.04,0.04,0.04,0.04,0.04,0.04,0.04,0.0400,0.04,0.049,0.048,0.048,0.075,0.081,0.080,0.048,0.027,0.027,0.052,0.079,0.087,0.092,0.079
Uzbekistan,-,-,-,-,-,-,-,-,-,-,-,-,-,-,-,-,-,-,-,-,-,-,-,-,-,0.26,0.26,0.19,0.1375,0.13,0.077,0.037,0.025,0.011,0.011,0.011,0.014,0.008,0.010,0.015,0.023,0.032,0.027,0.024
Vanuatu,-,-,-,-,-,-,-,-,-,-,-,-,-,-,-,-,-,-,-,-,0.01,0.01,0.01,0.01,0.01,0.01,0.01,0.01,0.0100,0.01,0.001,0.001,0.001,0.001,0.001,0.001,0.001,0.001,0.001,0.001,0.001,0.001,0.001,0.001
Venezuela (Bolivarian republic of),0.28,0.27,0.27,0.27,0.27,0.30,0.32,0.35,0.39,0.44,0.43,0.42,0.50,0.52,0.50,0.45,0.41,0.32,0.40,0.39,0.50,0.55,0.60,0.57,0.49,0.49,0.49,0.40,0.3375,0.33,0.235,0.176,0.160,0.210,0.210,0.208,0.171,0.200,0.314,0.627,0.571,0.728,0.175,0.069
Viet Nam,-,-,-,-,-,-,-,-,-,-,-,-,-,-,-,-,-,-,0.03,0.03,0.03,0.02,0.01,0.01,0.01,0.01,0.01,0.01,0.0100,0.01,0.010,0.007,0.007,0.015,0.013,0.016,0.021,0.024,0.033,0.042,0.058,0.077,0.093,0.159
Yemen,-,0.04,0.04,0.04,0.04,0.04,0.04,0.04,0.04,0.04,0.04,0.04,0.04,0.04,0.04,0.04,0.04,0.02,0.02,0.01,0.01,0.01,0.01,0.01,0.01,0.01,0.01,0.01,0.0100,0.01,0.010,0.010,0.010,0.007,0.007,0.006,0.006,0.007,0.010,0.010,0.010,0.010,0.008,0.003
Zambia,-,-,-,-,-,-,-,-,-,-,-,-,-,0.04,0.04,0.04,0.04,0.02,0.02,0.02,0.02,0.01,0.01,0.01,0.01,0.01,0.01,0.01,0.0100,0.01,0.003,0.002,0.002,0.002,0.002,0.002,0.002,0.001,0.004,0.006,0.007,0.009,0.008,0.006
Zimbabwe,-,-,-,-,-,-,-,-,-,-,-,-,-,-,-,-,-,-,-,-,0.02,0.02,0.02,0.02,0.01,0.01,0.01,0.01,0.0100,0.01,0.009,0.009,0.009,0.008,0.008,0.008,0.007,0.008,0.003,0.002,0.004,0.005,0.007,0.007
Total,102.10,99.98,99.82,99.79,100.27,100.15,99.57,99.56,99.56,105.40,102.01,99.69,100.76,100.29,100.06,99.81,108.20,99.92,99.73,99.68,99.65,99.58,99.54,99.54,99.60,99.17,99.75,99.78,100.01,100.01,100.0,100.0,100.0,100.0,100.0,101.087,100.0,100.0,100.0,100.0,100.0,100.0,100.0,100.0
"a/  The rates of assessment for Czechoslovakia and Hungary for the years 1962 and 1963 were retroactively decreased by General Assembly resolution 1927 (XVIII) of 11 December 1963 to 1.04 and 0.51, respectively.  These decreases were offset in 1964 against additional income arising from the admission of seven new Member States in 1962 and 1963.",NA,NA,NA,NA,NA,NA,NA,NA,NA,NA,NA,NA,NA,NA,NA,NA,NA,NA,NA,NA,NA,NA,NA,NA,NA,NA,NA,NA,NA,NA,NA,NA,NA,NA,NA,NA,NA,NA,NA,NA,NA,NA,NA,NA
"b/  For the years 1959, 1960 and 1961, Egypt and Syria were assessed jointly as the United Arab Republic.",NA,NA,NA,NA,NA,NA,NA,NA,NA,NA,NA,NA,NA,NA,NA,NA,NA,NA,NA,NA,NA,NA,NA,NA,NA,NA,NA,NA,NA,NA,NA,NA,NA,NA,NA,NA,NA,NA,NA,NA,NA,NA,NA,NA
"c/  Indonesia ceased to co-operate with the Organization with effect from 1 January 1965, resuming full participation on 28 September 1966.",NA,NA,NA,NA,NA,NA,NA,NA,NA,NA,NA,NA,NA,NA,NA,NA,NA,NA,NA,NA,NA,NA,NA,NA,NA,NA,NA,NA,NA,NA,NA,NA,NA,NA,NA,NA,NA,NA,NA,NA,NA,NA,NA,NA
"d/  Singapore, which had formed part of Malaysia, became an independent State in August 1965.",NA,NA,NA,NA,NA,NA,NA,NA,NA,NA,NA,NA,NA,NA,NA,NA,NA,NA,NA,NA,NA,NA,NA,NA,NA,NA,NA,NA,NA,NA,NA,NA,NA,NA,NA,NA,NA,NA,NA,NA,NA,NA,NA,NA
"e/  Through the accession of the German Democratic Republic to the Federal Republic of Germany with effect from 3 October 1990, the two German States have united to form one sovereign State.  As from the date of unification,  the Federal Republic of Germany acts in the United Nations under the designation ""Germany"".",NA,NA,NA,NA,NA,NA,NA,NA,NA,NA,NA,NA,NA,NA,NA,NA,NA,NA,NA,NA,NA,NA,NA,NA,NA,NA,NA,NA,NA,NA,NA,NA,NA,NA,NA,NA,NA,NA,NA,NA,NA,NA,NA,NA
"f/  Socialist Federal Republic of Yugoslavia (former Yugoslavia) up to 1 November 2000; thereafter, Federal Republic of Yugoslavia;  Serbia and Montenegro and now, Serbia.",NA,NA,NA,NA,NA,NA,NA,NA,NA,NA,NA,NA,NA,NA,NA,NA,NA,NA,NA,NA,NA,NA,NA,NA,NA,NA,NA,NA,NA,NA,NA,NA,NA,NA,NA,NA,NA,NA,NA,NA,NA,NA,NA,NA
c:\1946-2006scale (Excel),NA,NA,NA,NA,NA,NA,NA,NA,NA,NA,NA,NA,NA,NA,NA,NA,NA,NA,NA,NA,NA,NA,NA,NA,NA,NA,NA,NA,NA,NA,NA,NA,NA,NA,NA,NA,NA,NA,NA,NA,NA,NA,NA,NA
07/11/2005,NA,NA,NA,NA,NA,NA,NA,NA,NA,NA,NA,NA,NA,NA,NA,NA,NA,NA,NA,NA,NA,NA,NA,NA,NA,NA,NA,NA,NA,NA,NA,NA,NA,NA,NA,NA,NA,NA,NA,NA,NA,NA,NA,NA
