party,un_share,region,sub_region,intermediate_region,is_ldc,is_sids,has_income_data,WB Income Group,is_eu_ms,is_cbd_party,land_area_km2,has_land_area,un_band,un_band_weight,eligible,iusaf_share,tsac_share,sosac_share,final_share,inverted_share,total_allocation,iplc_component,state_component,component_iusaf_amt,component_tsac_amt,component_sosac_amt
Algeria,0.087,Africa,Northern Africa,NA,False,False,True,Upper middle income,False,True,2381740.0,True,Band 3: 0.01% - 0.1%,1.1,True,0.006251776072747941,0.030449220548135984,0.0,0.007274095014334904,0.007274095014334904,7.274095014334904,3.637047507167452,3.637047507167452,5.7516339869281055,1.5224610274067991,0.0
Egypt,0.182,Africa,Northern Africa,NA,False,False,True,Lower middle income,False,True,995450.0,True,Band 4: 0.1% - 1.0%,0.95,True,0.005399261153736857,0.012726274318205163,0.0,0.005603633977348167,0.005603633977348167,5.603633977348167,2.8018169886740836,2.8018169886740836,4.967320261437909,0.6363137159102581,0.0
Libya,0.04,Africa,Northern Africa,NA,False,False,True,Upper middle income,False,True,1759540.0,True,Band 3: 0.01% - 0.1%,1.1,True,0.006251776072747941,0.022494739779853043,0.0,0.006876370975920757,0.006876370975920757,6.876370975920757,3.4381854879603786,3.4381854879603786,5.7516339869281055,1.1247369889926522,0.0
Morocco,0.059,Africa,Northern Africa,NA,False,False,True,Lower middle income,False,True,446300.0,True,Band 3: 0.01% - 0.1%,1.1,True,0.006251776072747941,0.005705697150248595,0.0,0.0060369188444405345,0.0060369188444405345,6.036918844440534,3.018459422220267,3.018459422220267,5.7516339869281055,0.2852848575124297,0.0
Sudan,0.008,Africa,Northern Africa,NA,True,False,True,Low income,False,True,1868000.0,True,Band 2: 0.001% - 0.01%,1.3,True,0.007388462631429384,0.023881340525799634,0.0,0.007991452647205015,0.007991452647205015,7.991452647205015,3.9957263236025073,3.9957263236025073,6.7973856209150325,1.1940670262899817,0.0
Tunisia,0.018,Africa,Northern Africa,NA,False,False,True,Lower middle income,False,True,155360.0,True,Band 3: 0.01% - 0.1%,1.1,True,0.006251776072747941,0.0019861911477988387,0.0,0.005850943544318047,0.005850943544318047,5.8509435443180475,2.9254717721590238,2.9254717721590238,5.7516339869281055,0.09930955738994195,0.0
Burundi,0.001,Africa,Sub-Saharan Africa,Eastern Africa,True,False,True,Low income,False,True,25680.0,True,Band 1: <= 0.001%,1.5,True,0.008525149190110827,0.00032830451001206347,0.0,0.007859552480402564,0.007859552480402564,7.859552480402564,3.929776240201282,3.929776240201282,7.8431372549019605,0.016415225500603172,0.0
Comoros,0.001,Africa,Sub-Saharan Africa,Eastern Africa,True,True,True,Lower middle income,False,True,1861.0,True,Band 1: <= 0.001%,1.5,True,0.008525149190110827,2.3791849421045566e-05,0.02564102564102564,0.008613557616603781,0.008613557616603781,8.61355761660378,4.30677880830189,4.30677880830189,7.8431372549019605,0.0011895924710522783,0.7692307692307692
Djibouti,0.002,Africa,Sub-Saharan Africa,Eastern Africa,True,False,True,Lower middle income,False,True,23180.0,True,Band 2: 0.001% - 0.01%,1.3,True,0.007388462631429384,0.0002963434011713252,0.0,0.006812202790973599,0.006812202790973599,6.812202790973599,3.4061013954867994,3.4061013954867994,6.7973856209150325,0.014817170058566259,0.0
Eritrea,0.001,Africa,Sub-Saharan Africa,Eastern Africa,True,False,True,Low income,False,True,121178.2,True,Band 1: <= 0.001%,1.5,True,0.008525149190110827,0.0015491958557298999,0.0,0.007920597047688455,0.007920597047688455,7.920597047688456,3.960298523844228,3.960298523844228,7.8431372549019605,0.07745979278649501,0.0
Ethiopia,0.01,Africa,Sub-Saharan Africa,Eastern Africa,True,False,True,Low income,False,True,1128498.8,True,Band 2: 0.001% - 0.01%,1.3,True,0.007388462631429384,0.01442722918937701,0.0,0.007518747080383883,0.007518747080383883,7.518747080383883,3.7593735401919415,3.7593735401919415,6.7973856209150325,0.7213614594688506,0.0
Kenya,0.037,Africa,Sub-Saharan Africa,Eastern Africa,False,False,True,Lower middle income,False,True,580876.3,True,Band 3: 0.01% - 0.1%,1.1,True,0.006251776072747941,0.007426180258922134,0.0,0.006122942999874212,0.006122942999874212,6.122942999874212,3.061471499937106,3.061471499937106,5.7516339869281055,0.37130901294610674,0.0
Madagascar,0.004,Africa,Sub-Saharan Africa,Eastern Africa,True,False,True,Low income,False,True,581800.0,True,Band 2: 0.001% - 0.01%,1.3,True,0.007388462631429384,0.00743798924941661,0.0,0.007169285083385863,0.007169285083385863,7.169285083385863,3.5846425416929315,3.5846425416929315,6.7973856209150325,0.3718994624708305,0.0
Malawi,0.003,Africa,Sub-Saharan Africa,Eastern Africa,True,False,True,Low income,False,True,94280.0,True,Band 2: 0.001% - 0.01%,1.3,True,0.007388462631429384,0.0012053173366019215,0.0,0.006857651487745128,0.006857651487745128,6.8576514877451284,3.4288257438725642,3.4288257438725642,6.7973856209150325,0.060265866830096076,0.0
Mauritius,0.01,Africa,Sub-Saharan Africa,Eastern Africa,False,True,True,Upper middle income,False,True,1997.0,True,Band 2: 0.001% - 0.01%,1.3,True,0.007388462631429384,2.5530533741981728e-05,0.02564102564102564,0.007567892916832901,0.007567892916832901,7.567892916832901,3.7839464584164504,3.7839464584164504,6.7973856209150325,0.0012765266870990864,0.7692307692307692
Mozambique,0.002,Africa,Sub-Saharan Africa,Eastern Africa,True,False,True,Low income,False,True,786380.0,True,Band 2: 0.001% - 0.01%,1.3,True,0.007388462631429384,0.010053430708071904,0.0,0.007300057156318628,0.007300057156318628,7.300057156318627,3.6500285781593136,3.6500285781593136,6.7973856209150325,0.5026715354035951,0.0
Rwanda,0.003,Africa,Sub-Saharan Africa,Eastern Africa,True,False,True,Low income,False,True,24670.0,True,Band 2: 0.001% - 0.01%,1.3,True,0.007388462631429384,0.0003153922220404052,0.0,0.006813155232017053,0.006813155232017053,6.813155232017053,3.4065776160085264,3.4065776160085264,6.7973856209150325,0.015769611102020263,0.0
Seychelles,0.002,Africa,Sub-Saharan Africa,Eastern Africa,False,True,True,High income,False,True,460.0,True,Band 2: 0.001% - 0.01%,1.3,True,0.007388462631429384,5.880844026695841e-06,0.02564102564102564,0.007566910432347137,0.007566910432347137,7.566910432347137,3.7834552161735684,3.7834552161735684,6.7973856209150325,0.00029404220133479205,0.7692307692307692
Somalia,0.002,Africa,Sub-Saharan Africa,Eastern Africa,True,False,True,Low income,False,True,627340.0,True,Band 2: 0.001% - 0.01%,1.3,True,0.007388462631429384,0.008020192808059497,0.0,0.007198395261318007,0.007198395261318007,7.198395261318007,3.5991976306590034,3.5991976306590034,6.7973856209150325,0.4010096404029749,0.0
South Sudan,0.005,Africa,Sub-Saharan Africa,Eastern Africa,True,False,True,Low income,False,True,631930.0,True,Band 2: 0.001% - 0.01%,1.3,True,0.007388462631429384,0.008078873403891093,0.0,0.007201329291109587,0.007201329291109587,7.201329291109587,3.6006646455547937,3.6006646455547937,6.7973856209150325,0.4039436701945547,0.0
Uganda,0.01,Africa,Sub-Saharan Africa,Eastern Africa,True,False,True,Low income,False,True,200520.0,True,Band 2: 0.001% - 0.01%,1.3,True,0.007388462631429384,0.002563536617897935,0.0,0.0069255624518099294,0.0069255624518099294,6.925562451809929,3.4627812259049646,3.4627812259049646,6.7973856209150325,0.12817683089489676,0.0
Zambia,0.006,Africa,Sub-Saharan Africa,Eastern Africa,True,False,True,Lower middle income,False,True,743390.0,True,Band 2: 0.001% - 0.01%,1.3,True,0.007388462631429384,0.009503827480446567,0.0,0.007272576994937361,0.007272576994937361,7.272576994937361,3.6362884974686804,3.6362884974686804,6.7973856209150325,0.47519137402232836,0.0
Zimbabwe,0.007,Africa,Sub-Saharan Africa,Eastern Africa,False,False,True,Lower middle income,False,True,386850.0,True,Band 2: 0.001% - 0.01%,1.3,True,0.007388462631429384,0.004945661982015839,0.0,0.007044668720015824,0.007044668720015824,7.0446687200158244,3.5223343600079122,3.5223343600079122,6.7973856209150325,0.24728309910079196,0.0
Angola,0.01,Africa,Sub-Saharan Africa,Middle Africa,True,False,True,Lower middle income,False,True,1246700.0,True,Band 2: 0.001% - 0.01%,1.3,True,0.007388462631429384,0.01593836575669936,0.0,0.007594303908750001,0.007594303908750001,7.594303908750001,3.7971519543750003,3.7971519543750003,6.7973856209150325,0.796918287834968,0.0
Cameroon,0.014,Africa,Sub-Saharan Africa,Middle Africa,False,False,True,Lower middle income,False,True,472710.0,True,Band 3: 0.01% - 0.1%,1.1,True,0.006251776072747941,0.006043334304042154,0.0,0.006053800702130213,0.006053800702130213,6.053800702130213,3.0269003510651067,3.0269003510651067,5.7516339869281055,0.30216671520210775,0.0
Central African Republic,0.001,Africa,Sub-Saharan Africa,Middle Africa,True,False,True,Low income,False,True,622980.0,True,Band 1: <= 0.001%,1.5,True,0.008525149190110827,0.00796445263424125,0.0,0.008241359886614024,0.008241359886614024,8.241359886614024,4.120679943307012,4.120679943307012,7.8431372549019605,0.3982226317120625,0.0
Chad,0.005,Africa,Sub-Saharan Africa,Middle Africa,True,False,True,Low income,False,True,1259200.0,True,Band 2: 0.001% - 0.01%,1.3,True,0.007388462631429384,0.01609817130090305,0.0,0.0076022941859601855,0.0076022941859601855,7.602294185960186,3.801147092980093,3.801147092980093,6.7973856209150325,0.8049085650451525,0.0
Congo,0.005,Africa,Sub-Saharan Africa,Middle Africa,False,False,True,Lower middle income,False,True,341500.0,True,Band 2: 0.001% - 0.01%,1.3,True,0.007388462631429384,0.004365887467644847,0.0,0.007015679994297275,0.007015679994297275,7.015679994297275,3.5078399971486376,3.5078399971486376,6.7973856209150325,0.21829437338224236,0.0
Democratic Republic of the Congo,0.01,Africa,Sub-Saharan Africa,Middle Africa,True,False,True,Low income,False,True,2267050.0,True,Band 2: 0.001% - 0.01%,1.3,True,0.007388462631429384,0.028982972718958274,0.0,0.008246534256862946,0.008246534256862946,8.246534256862946,4.123267128431473,4.123267128431473,6.7973856209150325,1.4491486359479138,0.0
Equatorial Guinea,0.008,Africa,Sub-Saharan Africa,Middle Africa,False,False,True,Upper middle income,False,True,28050.0,True,Band 2: 0.001% - 0.01%,1.3,True,0.007388462631429384,0.00035860364119308336,0.0,0.0068153158029746865,0.0068153158029746865,6.815315802974686,3.407657901487343,3.407657901487343,6.7973856209150325,0.01793018205965417,0.0
Gabon,0.011,Africa,Sub-Saharan Africa,Middle Africa,False,False,True,Upper middle income,False,True,257670.0,True,Band 3: 0.01% - 0.1%,1.1,True,0.006251776072747941,0.0032941675659972115,0.0,0.005916342365227966,0.005916342365227966,5.916342365227965,2.9581711826139827,2.9581711826139827,5.7516339869281055,0.16470837829986057,0.0
Botswana,0.013,Africa,Sub-Saharan Africa,Southern Africa,False,False,True,Upper middle income,False,True,566730.0,True,Band 3: 0.01% - 0.1%,1.1,True,0.006251776072747941,0.007245327685324639,0.0,0.006113900371194337,0.006113900371194337,6.113900371194337,3.0569501855971684,3.0569501855971684,5.7516339869281055,0.362266384266232,0.0
Eswatini,0.002,Africa,Sub-Saharan Africa,Southern Africa,False,False,True,Lower middle income,False,True,17200.0,True,Band 2: 0.001% - 0.01%,1.3,True,0.007388462631429384,0.00021989242882427927,0.0,0.006808380242356246,0.006808380242356246,6.808380242356247,3.4041901211781234,3.4041901211781234,6.7973856209150325,0.010994621441213964,0.0
Lesotho,0.001,Africa,Sub-Saharan Africa,Southern Africa,True,False,True,Lower middle income,False,True,30360.0,True,Band 1: <= 0.001%,1.5,True,0.008525149190110827,0.00038813570576192553,0.0,0.007862544040190057,0.007862544040190057,7.862544040190057,3.9312720200950286,3.9312720200950286,7.8431372549019605,0.01940678528809628,0.0
Namibia,0.007,Africa,Sub-Saharan Africa,Southern Africa,False,False,True,Lower middle income,False,True,823290.0,True,Band 2: 0.001% - 0.01%,1.3,True,0.007388462631429384,0.010525304518996562,0.0,0.0073236508468648605,0.0073236508468648605,7.323650846864861,3.6618254234324303,3.6618254234324303,6.7973856209150325,0.5262652259498282,0.0
South Africa,0.251,Africa,Sub-Saharan Africa,Southern Africa,False,False,True,Upper middle income,False,True,1213090.0,True,Band 4: 0.1% - 1.0%,0.95,True,0.005399261153736857,0.015508680609444473,0.0,0.0057427542919101324,0.0057427542919101324,5.742754291910132,2.871377145955066,2.871377145955066,4.967320261437909,0.7754340304722237,0.0
Benin,0.005,Africa,Sub-Saharan Africa,Western Africa,True,False,True,Lower middle income,False,True,112760.0,True,Band 2: 0.001% - 0.01%,1.3,True,0.007388462631429384,0.0014415738531526588,0.0,0.006869464313572666,0.006869464313572666,6.869464313572665,3.4347321567863327,3.4347321567863327,6.7973856209150325,0.07207869265763295,0.0
Burkina Faso,0.005,Africa,Sub-Saharan Africa,Western Africa,True,False,True,Low income,False,True,273600.0,True,Band 2: 0.001% - 0.01%,1.3,True,0.007388462631429384,0.003497823751530396,0.0,0.006972276808491553,0.006972276808491553,6.972276808491552,3.486138404245776,3.486138404245776,6.7973856209150325,0.17489118757651978,0.0
Cabo Verde,0.001,Africa,Sub-Saharan Africa,Western Africa,False,True,True,Upper middle income,False,True,4030.0,True,Band 1: <= 0.001%,1.5,True,0.008525149190110827,5.152130745127009e-05,0.02564102564102564,0.008614944089505293,0.008614944089505293,8.614944089505293,4.307472044752647,4.307472044752647,7.8431372549019605,0.0025760653725635046,0.7692307692307692
Côte d’Ivoire,0.024,Africa,Sub-Saharan Africa,Western Africa,False,False,True,Lower middle income,False,True,318000.0,True,Band 3: 0.01% - 0.1%,1.1,True,0.006251776072747941,0.004065453044541908,0.0,0.0059549066391552,0.0059549066391552,5.954906639155201,2.9774533195776005,2.9774533195776005,5.7516339869281055,0.2032726522270954,0.0
Gambia,0.001,Africa,Sub-Saharan Africa,Western Africa,True,False,True,Low income,False,True,10120.0,True,Band 1: <= 0.001%,1.5,True,0.008525149190110827,0.0001293785685873085,0.0,0.007849606183331326,0.007849606183331326,7.849606183331326,3.924803091665663,3.924803091665663,7.8431372549019605,0.006468928429365426,0.0
Ghana,0.025,Africa,Sub-Saharan Africa,Western Africa,False,False,True,Lower middle income,False,True,227533.0,True,Band 3: 0.01% - 0.1%,1.1,True,0.006251776072747941,0.00290888279114388,0.0,0.005897078126485299,0.005897078126485299,5.897078126485298,2.948539063242649,2.948539063242649,5.7516339869281055,0.14544413955719399,0.0
Guinea,0.004,Africa,Sub-Saharan Africa,Western Africa,True,False,True,Lower middle income,False,True,245720.0,True,Band 2: 0.001% - 0.01%,1.3,True,0.007388462631429384,0.0031413934657384826,0.0,0.006954455294201956,0.006954455294201956,6.954455294201956,3.477227647100978,3.477227647100978,6.7973856209150325,0.15706967328692414,0.0
Guinea-Bissau,0.001,Africa,Sub-Saharan Africa,Western Africa,True,True,True,Low income,False,True,28120.0,True,Band 1: <= 0.001%,1.5,True,0.008525149190110827,0.00035949855224062403,0.02564102564102564,0.00863034295174476,0.00863034295174476,8.63034295174476,4.31517147587238,4.31517147587238,7.8431372549019605,0.0179749276120312,0.7692307692307692
Liberia,0.001,Africa,Sub-Saharan Africa,Western Africa,True,False,True,Low income,False,True,96320.0,True,Band 1: <= 0.001%,1.5,True,0.008525149190110827,0.0012313976014159639,0.0,0.007904707134972759,0.007904707134972759,7.904707134972759,3.9523535674863797,3.9523535674863797,7.8431372549019605,0.0615698800707982,0.0
Mali,0.005,Africa,Sub-Saharan Africa,Western Africa,True,False,True,Low income,False,True,1220190.0,True,Band 2: 0.001% - 0.01%,1.3,True,0.007388462631429384,0.01559945015855217,0.0,0.007577358128842641,0.007577358128842641,7.577358128842641,3.7886790644213204,3.7886790644213204,6.7973856209150325,0.7799725079276085,0.0
Mauritania,0.003,Africa,Sub-Saharan Africa,Western Africa,True,False,True,Lower middle income,False,True,1030700.0,True,Band 2: 0.001% - 0.01%,1.3,True,0.007388462631429384,0.013176925952859572,0.0,0.007456231918558012,0.007456231918558012,7.456231918558012,3.728115959279006,3.728115959279006,6.7973856209150325,0.6588462976429786,0.0
Niger,0.004,Africa,Sub-Saharan Africa,Western Africa,True,False,True,Low income,False,True,1266700.0,True,Band 2: 0.001% - 0.01%,1.3,True,0.007388462631429384,0.016194054627425264,0.0,0.007607088352286295,0.007607088352286295,7.607088352286295,3.8035441761431477,3.8035441761431477,6.7973856209150325,0.8097027313712633,0.0
Nigeria,0.15,Africa,Sub-Saharan Africa,Western Africa,False,False,True,Lower middle income,False,True,910770.0,True,Band 4: 0.1% - 1.0%,0.95,True,0.005399261153736857,0.011643687639551677,0.0,0.005549504643415492,0.005549504643415492,5.549504643415492,2.774752321707746,2.774752321707746,4.967320261437909,0.5821843819775838,0.0
Senegal,0.007,Africa,Sub-Saharan Africa,Western Africa,True,False,True,Lower middle income,False,True,192530.0,True,Band 2: 0.001% - 0.01%,1.3,True,0.007388462631429384,0.002461388914042935,0.0,0.0069204550666171795,0.0069204550666171795,6.92045506661718,3.46022753330859,3.46022753330859,6.7973856209150325,0.12306944570214678,0.0
Sierra Leone,0.001,Africa,Sub-Saharan Africa,Western Africa,True,False,True,Low income,False,True,72180.0,True,Band 1: <= 0.001%,1.5,True,0.008525149190110827,0.0009227811344497952,0.0,0.00788927631162445,0.00788927631162445,7.88927631162445,3.944638155812225,3.944638155812225,7.8431372549019605,0.04613905672248976,0.0
Togo,0.002,Africa,Sub-Saharan Africa,Western Africa,True,False,True,Low income,False,True,54390.0,True,Band 2: 0.001% - 0.01%,1.3,True,0.007388462631429384,0.0006953458839391017,0.0,0.006832152915111987,0.006832152915111987,6.832152915111987,3.4160764575559934,3.4160764575559934,6.7973856209150325,0.03476729419695509,0.0
Antigua and Barbuda,0.002,Americas,Latin America and the Caribbean,Caribbean,False,True,True,High income,False,True,440.0,True,Band 2: 0.001% - 0.01%,1.3,True,0.007388462631429384,5.625155155969935e-06,0.02564102564102564,0.0075668976479036,0.0075668976479036,7.5668976479036,3.7834488239518,3.7834488239518,6.7973856209150325,0.00028125775779849673,0.7692307692307692
Barbados,0.007,Americas,Latin America and the Caribbean,Caribbean,False,True,True,High income,False,True,430.0,True,Band 2: 0.001% - 0.01%,1.3,True,0.007388462631429384,5.497310720606982e-06,0.02564102564102564,0.0075668912556818325,0.0075668912556818325,7.566891255681832,3.783445627840916,3.783445627840916,6.7973856209150325,0.00027486553603034913,0.7692307692307692
Cuba,0.122,Americas,Latin America and the Caribbean,Caribbean,False,True,True,Upper middle income,False,True,103800.0,True,Band 4: 0.1% - 1.0%,0.95,True,0.005399261153736857,0.0013270252390674528,0.02564102564102564,0.00580290229262205,0.00580290229262205,5.802902292622051,2.9014511463110253,2.9014511463110253,4.967320261437909,0.06635126195337264,0.7692307692307692
Dominica,0.001,Americas,Latin America and the Caribbean,Caribbean,False,True,True,Upper middle income,False,True,750.0,True,Band 1: <= 0.001%,1.5,True,0.008525149190110827,9.58833265222148e-06,0.02564102564102564,0.00861284744076534,0.00861284744076534,8.61284744076534,4.30642372038267,4.30642372038267,7.8431372549019605,0.000479416632611074,0.7692307692307692
Dominican Republic,0.069,Americas,Latin America and the Caribbean,Caribbean,False,True,True,Upper middle income,False,True,48198.02,True,Band 3: 0.01% - 0.1%,1.1,True,0.006251776072747941,0.0006161848652512319,0.02564102564102564,0.006551673999421436,0.006551673999421436,6.551673999421436,3.275836999710718,3.275836999710718,5.7516339869281055,0.030809243262561594,0.7692307692307692
Grenada,0.001,Americas,Latin America and the Caribbean,Caribbean,False,True,True,Upper middle income,False,True,340.0,True,Band 1: <= 0.001%,1.5,True,0.008525149190110827,4.346710802340404e-06,0.02564102564102564,0.008612585359672846,0.008612585359672846,8.612585359672845,4.306292679836423,4.306292679836423,7.8431372549019605,0.00021733554011702023,0.7692307692307692
Haiti,0.006,Americas,Latin America and the Caribbean,Caribbean,True,True,True,Lower middle income,False,True,27560.0,True,Band 2: 0.001% - 0.01%,1.3,True,0.007388462631429384,0.00035233926386029864,0.02564102564102564,0.007584233353338817,0.007584233353338817,7.584233353338816,3.792116676669408,3.792116676669408,6.7973856209150325,0.017616963193014933,0.7692307692307692
Jamaica,0.007,Americas,Latin America and the Caribbean,Caribbean,False,True,True,Upper middle income,False,True,10830.0,True,Band 2: 0.001% - 0.01%,1.3,True,0.007388462631429384,0.00013845552349807817,0.02564102564102564,0.007573539166320706,0.007573539166320706,7.573539166320706,3.786769583160353,3.786769583160353,6.7973856209150325,0.006922776174903909,0.7692307692307692
Saint Kitts and Nevis,0.001,Americas,Latin America and the Caribbean,Caribbean,False,True,True,High income,False,True,260.0,True,Band 1: <= 0.001%,1.5,True,0.008525149190110827,3.32395531943678e-06,0.02564102564102564,0.0086125342218987,0.0086125342218987,8.6125342218987,4.30626711094935,4.30626711094935,7.8431372549019605,0.000166197765971839,0.7692307692307692
Trinidad and Tobago,0.033,Americas,Latin America and the Caribbean,Caribbean,False,True,True,High income,False,True,5130.0,True,Band 3: 0.01% - 0.1%,1.1,True,0.006251776072747941,6.558419534119492e-05,0.02564102564102564,0.006524143965925934,0.006524143965925934,6.524143965925934,3.262071982962967,3.262071982962967,5.7516339869281055,0.0032792097670597464,0.7692307692307692
Belize,0.001,Americas,Latin America and the Caribbean,Central America,False,True,True,Upper middle income,False,True,22810.0,True,Band 1: <= 0.001%,1.5,True,0.008525149190110827,0.0002916131570628959,0.02564102564102564,0.008626948681985875,0.008626948681985875,8.626948681985875,4.313474340992937,4.313474340992937,7.8431372549019605,0.014580657853144796,0.7692307692307692
Costa Rica,0.063,Americas,Latin America and the Caribbean,Central America,False,False,True,High income,False,True,51060.0,True,,1.0,False,0.0,0.0,0.0,0.0,0.0,0.0,0.0,0.0,0.0,0.0,0.0
El Salvador,0.013,Americas,Latin America and the Caribbean,Central America,False,False,True,Upper middle income,False,True,20720.0,True,Band 3: 0.01% - 0.1%,1.1,True,0.006251776072747941,0.00026489367007203875,0.0,0.005764878670431707,0.005764878670431707,5.764878670431707,2.8824393352158535,2.8824393352158535,5.7516339869281055,0.013244683503601938,0.0
Guatemala,0.046,Americas,Latin America and the Caribbean,Central America,False,False,True,Upper middle income,False,True,107160.0,True,Band 3: 0.01% - 0.1%,1.1,True,0.006251776072747941,0.001369980969349405,0.0,0.005820133035395575,0.005820133035395575,5.820133035395576,2.910066517697788,2.910066517697788,5.7516339869281055,0.06849904846747026,0.0
Honduras,0.01,Americas,Latin America and the Caribbean,Central America,False,False,True,Lower middle income,False,True,111890.0,True,Band 2: 0.001% - 0.01%,1.3,True,0.007388462631429384,0.0014304513872760818,0.0,0.006868908190278837,0.006868908190278837,6.8689081902788365,3.4344540951394182,3.4344540951394182,6.7973856209150325,0.07152256936380409,0.0
Mexico,1.137,Americas,Latin America and the Caribbean,Central America,False,False,True,Upper middle income,False,True,1943950.0,True,Band 5: 1.0% - 10.0%,0.75,True,0.004262574595055414,0.02485231901238126,0.0,0.005164184578070044,0.005164184578070044,5.164184578070044,2.582092289035022,2.582092289035022,3.9215686274509802,1.242615950619063,0.0
Nicaragua,0.004,Americas,Latin America and the Caribbean,Central America,False,False,True,Lower middle income,False,True,120340.0,True,Band 2: 0.001% - 0.01%,1.3,True,0.007388462631429384,0.001538479935157777,0.0,0.006874309617672921,0.006874309617672921,6.874309617672921,3.4371548088364605,3.4371548088364605,6.7973856209150325,0.07692399675788886,0.0
Panama,0.086,Americas,Latin America and the Caribbean,Central America,False,False,True,High income,False,True,74180.0,True,,1.0,False,0.0,0.0,0.0,0.0,0.0,0.0,0.0,0.0,0.0,0.0,0.0
Argentina,0.49,Americas,Latin America and the Caribbean,South America,False,False,True,Upper middle income,False,True,2736690.0,True,Band 4: 0.1% - 1.0%,0.95,True,0.005399261153736857,0.034987058781344005,0.0,0.0067166732005051084,0.0067166732005051084,6.716673200505109,3.3583366002525543,3.3583366002525543,4.967320261437909,1.7493529390672002,0.0
Brazil,1.411,Americas,Latin America and the Caribbean,South America,False,False,True,Upper middle income,False,True,8358140.0,True,Band 5: 1.0% - 10.0%,0.75,True,0.004262574595055414,0.10685416889845126,0.0,0.009264277072373543,0.009264277072373543,9.264277072373543,4.632138536186772,4.632138536186772,3.9215686274509802,5.342708444922563,0.0
Chile,0.374,Americas,Latin America and the Caribbean,South America,False,False,True,High income,False,True,742831.64,True,,1.0,False,0.0,0.0,0.0,0.0,0.0,0.0,0.0,0.0,0.0,0.0,0.0
Colombia,0.197,Americas,Latin America and the Caribbean,South America,False,False,True,Upper middle income,False,True,1109500.0,True,Band 4: 0.1% - 1.0%,0.95,True,0.005399261153736857,0.014184340103519643,0.0,0.00567653726661389,0.00567653726661389,5.676537266613891,2.8382686333069453,2.8382686333069453,4.967320261437909,0.7092170051759823,0.0
Ecuador,0.065,Americas,Latin America and the Caribbean,South America,False,False,True,Upper middle income,False,True,248360.0,True,Band 3: 0.01% - 0.1%,1.1,True,0.006251776072747941,0.0031751443966743023,0.0,0.00591039120676182,0.00591039120676182,5.91039120676182,2.95519560338091,2.95519560338091,5.7516339869281055,0.15875721983371513,0.0
Guyana,0.011,Americas,Latin America and the Caribbean,South America,False,True,True,High income,False,True,211140.0,True,Band 3: 0.01% - 0.1%,1.1,True,0.006251776072747941,0.002699307408253391,0.02564102564102564,0.006655830126571544,0.006655830126571544,6.655830126571543,3.3279150632857717,3.3279150632857717,5.7516339869281055,0.13496537041266954,0.7692307692307692
Paraguay,0.023,Americas,Latin America and the Caribbean,South America,False,False,True,Upper middle income,False,True,396012.03,True,Band 3: 0.01% - 0.1%,1.1,True,0.006251776072747941,0.005062793437228683,0.0,0.006004773658789539,0.006004773658789539,6.004773658789539,3.0023868293947693,3.0023868293947693,5.7516339869281055,0.25313967186143416,0.0
Peru,0.145,Americas,Latin America and the Caribbean,South America,False,False,True,Upper middle income,False,True,1280000.0,True,Band 4: 0.1% - 1.0%,0.95,True,0.005399261153736857,0.016364087726457994,0.0,0.005785524647760809,0.005785524647760809,5.785524647760808,2.892762323880404,2.892762323880404,4.967320261437909,0.8182043863228997,0.0
Suriname,0.002,Americas,Latin America and the Caribbean,South America,False,True,True,Upper middle income,False,True,160507.61,True,Band 2: 0.001% - 0.01%,1.3,True,0.007388462631429384,0.0020520004771907075,0.02564102564102564,0.007669216414005337,0.007669216414005337,7.669216414005337,3.8346082070026686,3.8346082070026686,6.7973856209150325,0.10260002385953539,0.7692307692307692
Uruguay,0.079,Americas,Latin America and the Caribbean,South America,False,False,True,High income,False,True,175020.0,True,,1.0,False,0.0,0.0,0.0,0.0,0.0,0.0,0.0,0.0,0.0,0.0,0.0
Canada,2.543,Americas,Northern America,NA,False,False,True,High income,False,True,8788700.0,True,,1.0,False,0.0,0.0,0.0,0.0,0.0,0.0,0.0,0.0,0.0,0.0,0.0
Kazakhstan,0.131,Asia,Central Asia,NA,False,False,True,Upper middle income,False,True,2699700.0,True,Band 4: 0.1% - 1.0%,0.95,True,0.005399261153736857,0.03451416221493644,0.0,0.00669302837218473,0.00669302837218473,6.69302837218473,3.346514186092365,3.346514186092365,4.967320261437909,1.725708110746822,0.0
Kyrgyzstan,0.003,Asia,Central Asia,NA,False,False,True,Lower middle income,False,True,191800.0,True,Band 2: 0.001% - 0.01%,1.3,True,0.007388462631429384,0.0024520562702614397,0.0,0.006919988434428105,0.006919988434428105,6.919988434428105,3.4599942172140525,3.4599942172140525,6.7973856209150325,0.12260281351307199,0.0
Tajikistan,0.003,Asia,Central Asia,NA,False,False,True,Lower middle income,False,True,138790.0,True,Band 2: 0.001% - 0.01%,1.3,True,0.007388462631429384,0.0017743529184024256,0.0,0.006886103266835154,0.006886103266835154,6.886103266835154,3.443051633417577,3.443051633417577,6.7973856209150325,0.08871764592012128,0.0
Turkmenistan,0.036,Asia,Central Asia,NA,False,False,True,Upper middle income,False,True,469930.0,True,Band 3: 0.01% - 0.1%,1.1,True,0.006251776072747941,0.006007793551011253,0.0,0.0060520236644786675,0.0060520236644786675,6.052023664478667,3.0260118322393335,3.0260118322393335,5.7516339869281055,0.3003896775505627,0.0
Uzbekistan,0.024,Asia,Central Asia,NA,False,False,True,Lower middle income,False,True,440650.0,True,Band 3: 0.01% - 0.1%,1.1,True,0.006251776072747941,0.005633465044268527,0.0,0.006033307239141531,0.006033307239141531,6.033307239141531,3.0166536195707656,3.0166536195707656,5.7516339869281055,0.2816732522134264,0.0
China,20.004,Asia,Eastern Asia,NA,False,False,True,Upper middle income,False,True,9388210.0,True,Band 6: > 10.0%,0.4,True,0.0022733731173628876,0.12002304065188296,0.0,0.008092655300568005,0.008092655300568005,8.092655300568005,4.046327650284002,4.046327650284002,2.0915032679738563,6.001152032594149,0.0
Japan,6.93,Asia,Eastern Asia,NA,False,False,True,High income,False,True,364569.27,True,,1.0,False,0.0,0.0,0.0,0.0,0.0,0.0,0.0,0.0,0.0,0.0,0.0
Mongolia,0.004,Asia,Eastern Asia,NA,False,False,True,Upper middle income,False,True,1558499.786,True,Band 2: 0.001% - 0.01%,1.3,True,0.007388462631429384,0.01992455251544532,0.0,0.007793613246687299,0.007793613246687299,7.793613246687299,3.8968066233436494,3.8968066233436494,6.7973856209150325,0.996227625772266,0.0
Brunei Darussalam,0.019,Asia,South-eastern Asia,NA,False,False,True,High income,False,True,5270.0,True,,1.0,False,0.0,0.0,0.0,0.0,0.0,0.0,0.0,0.0,0.0,0.0,0.0
Cambodia,0.008,Asia,South-eastern Asia,NA,True,False,True,Lower middle income,False,True,176520.0,True,Band 2: 0.001% - 0.01%,1.3,True,0.007388462631429384,0.0022567099730268474,0.0,0.006910221119566375,0.006910221119566375,6.910221119566375,3.4551105597831877,3.4551105597831877,6.7973856209150325,0.11283549865134236,0.0
Indonesia,0.579,Asia,South-eastern Asia,NA,False,False,True,Upper middle income,False,True,1892555.47,True,Band 4: 0.1% - 1.0%,0.95,True,0.005399261153736857,0.024195268545521825,0.0,0.006177083688714,0.006177083688714,6.177083688713999,3.0885418443569996,3.0885418443569996,4.967320261437909,1.209763427276091,0.0
Malaysia,0.326,Asia,South-eastern Asia,NA,False,False,True,Upper middle income,False,True,328550.0,True,Band 4: 0.1% - 1.0%,0.95,True,0.005399261153736857,0.004200328923849823,0.0,0.0051773367076304,0.0051773367076304,5.1773367076304,2.5886683538152,2.5886683538152,4.967320261437909,0.21001644619249116,0.0
Myanmar,0.01,Asia,South-eastern Asia,NA,True,False,True,Lower middle income,False,True,652670.0,True,Band 2: 0.001% - 0.01%,1.3,True,0.007388462631429384,0.008344022762833858,0.0,0.007214586759056726,0.007214586759056726,7.214586759056726,3.607293379528363,3.607293379528363,6.7973856209150325,0.4172011381416929,0.0
Philippines,0.198,Asia,South-eastern Asia,NA,False,False,True,Lower middle income,False,True,298170.0,True,Band 4: 0.1% - 1.0%,0.95,True,0.005399261153736857,0.0038119375292171714,0.0,0.005157917137898767,0.005157917137898767,5.1579171378987665,2.5789585689493832,2.5789585689493832,4.967320261437909,0.1905968764608586,0.0
Singapore,0.479,Asia,South-eastern Asia,NA,False,True,True,High income,False,True,718.0,True,Band 4: 0.1% - 1.0%,0.95,True,0.005399261153736857,9.17923045906003e-06,0.02564102564102564,0.005737009992191631,0.005737009992191631,5.7370099921916315,2.8685049960958158,2.8685049960958158,4.967320261437909,0.0004589615229530015,0.7692307692307692
Thailand,0.341,Asia,South-eastern Asia,NA,False,False,True,Upper middle income,False,True,510890.0,True,Band 4: 0.1% - 1.0%,0.95,True,0.005399261153736857,0.006531444358257909,0.0,0.005293892479350804,0.005293892479350804,5.293892479350804,2.646946239675402,2.646946239675402,4.967320261437909,0.3265722179128955,0.0
Timor-Leste,0.001,Asia,South-eastern Asia,NA,True,True,True,Lower middle income,False,True,14870.0,True,Band 1: <= 0.001%,1.5,True,0.008525149190110827,0.0001901046753847112,0.02564102564102564,0.008621873257901964,0.008621873257901964,8.621873257901965,4.310936628950983,4.310936628950983,7.8431372549019605,0.00950523376923556,0.7692307692307692
Afghanistan,0.005,Asia,Southern Asia,NA,True,False,True,Low income,False,True,652230.0,True,Band 2: 0.001% - 0.01%,1.3,True,0.007388462631429384,0.008338397607677888,0.0,0.007214305501298927,0.007214305501298927,7.214305501298926,3.607152750649463,3.607152750649463,6.7973856209150325,0.41691988038389444,0.0
Bangladesh,0.01,Asia,Southern Asia,NA,True,False,True,Lower middle income,False,True,129980.0,True,Band 2: 0.001% - 0.01%,1.3,True,0.007388462631429384,0.0016617219708476639,0.0,0.0068804717194574155,0.0068804717194574155,6.880471719457415,3.4402358597287077,3.4402358597287077,6.7973856209150325,0.08308609854238319,0.0
Bhutan,0.001,Asia,Southern Asia,NA,False,False,True,Lower middle income,False,True,38140.0,True,Band 1: <= 0.001%,1.5,True,0.008525149190110827,0.000487598676474303,0.0,0.007867517188725677,0.007867517188725677,7.867517188725676,3.933758594362838,3.933758594362838,7.8431372549019605,0.02437993382371515,0.0
India,1.106,Asia,Southern Asia,NA,False,False,True,Lower middle income,False,True,2973190.0,True,Band 5: 1.0% - 10.0%,0.75,True,0.004262574595055414,0.03801057967767784,0.0,0.0058220976113348725,0.0058220976113348725,5.822097611334873,2.9110488056674364,2.9110488056674364,3.9215686274509802,1.9005289838838921,0.0
Iran (Islamic Republic of),0.386,Asia,Southern Asia,NA,False,False,True,Upper middle income,False,True,1622500.0,True,Band 4: 0.1% - 1.0%,0.95,True,0.005399261153736857,0.020742759637639135,0.0,0.006004458243319865,0.006004458243319865,6.004458243319865,3.0022291216599326,3.0022291216599326,4.967320261437909,1.0371379818819568,0.0
Maldives,0.004,Asia,Southern Asia,NA,False,True,True,Upper middle income,False,True,298.0,True,Band 2: 0.001% - 0.01%,1.3,True,0.007388462631429384,3.8097641738160014e-06,0.02564102564102564,0.007566806878354493,0.007566806878354493,7.566806878354493,3.7834034391772464,3.7834034391772464,6.7973856209150325,0.00019048820869080007,0.7692307692307692
Nepal,0.01,Asia,Southern Asia,NA,True,False,True,Lower middle income,False,True,143350.0,True,Band 2: 0.001% - 0.01%,1.3,True,0.007388462631429384,0.0018326499809279322,0.0,0.006889018119961429,0.006889018119961429,6.889018119961429,3.4445090599807147,3.4445090599807147,6.7973856209150325,0.09163249904639663,0.0
Pakistan,0.123,Asia,Southern Asia,NA,False,False,True,Lower middle income,False,True,770880.0,True,Band 4: 0.1% - 1.0%,0.95,True,0.005399261153736857,0.009855271833259327,0.0,0.005460083853100875,0.005460083853100875,5.460083853100874,2.730041926550437,2.730041926550437,4.967320261437909,0.49276359166296635,0.0
Sri Lanka,0.038,Asia,Southern Asia,NA,False,False,True,Lower middle income,False,True,61860.0,True,Band 3: 0.01% - 0.1%,1.1,True,0.006251776072747941,0.0007908456771552277,0.0,0.005791176270785866,0.005791176270785866,5.791176270785867,2.8955881353929334,2.8955881353929334,5.7516339869281055,0.03954228385776139,0.0
Armenia,0.007,Asia,Western Asia,NA,False,False,True,Upper middle income,False,True,28199.44,True,Band 2: 0.001% - 0.01%,1.3,True,0.007388462631429384,0.0003605141484351473,0.0,0.0068154113283367896,0.0068154113283367896,6.815411328336789,3.4077056641683945,3.4077056641683945,6.7973856209150325,0.018025707421757364,0.0
Azerbaijan,0.034,Asia,Western Asia,NA,False,False,True,Upper middle income,False,True,82650.0,True,Band 3: 0.01% - 0.1%,1.1,True,0.006251776072747941,0.001056634258274807,0.0,0.005804465699841846,0.005804465699841846,5.804465699841845,2.9022328499209227,2.9022328499209227,5.7516339869281055,0.05283171291374035,0.0
Bahrain,0.05,Asia,Western Asia,NA,False,False,True,High income,False,True,800.0,True,,1.0,False,0.0,0.0,0.0,0.0,0.0,0.0,0.0,0.0,0.0,0.0,0.0
Georgia,0.009,Asia,Western Asia,NA,False,False,True,Upper middle income,False,True,69490.0,True,Band 2: 0.001% - 0.01%,1.3,True,0.007388462631429384,0.0008883909813371608,0.0,0.006841805169981891,0.006841805169981891,6.841805169981892,3.420902584990946,3.420902584990946,6.7973856209150325,0.04441954906685804,0.0
Iraq,0.131,Asia,Western Asia,NA,False,False,True,Upper middle income,False,True,434130.0,True,Band 4: 0.1% - 1.0%,0.95,True,0.005399261153736857,0.005550110472411882,0.0,0.005244825785058502,0.005244825785058502,5.244825785058502,2.622412892529251,2.622412892529251,4.967320261437909,0.27750552362059405,0.0
Israel,0.609,Asia,Western Asia,NA,False,False,True,High income,False,True,21640.0,True,,1.0,False,0.0,0.0,0.0,0.0,0.0,0.0,0.0,0.0,0.0,0.0,0.0
Jordan,0.021,Asia,Western Asia,NA,False,False,True,Lower middle income,False,True,88794.0,True,Band 3: 0.01% - 0.1%,1.1,True,0.006251776072747941,0.0011351818793618055,0.0,0.005808393080896195,0.005808393080896195,5.808393080896195,2.9041965404480976,2.9041965404480976,5.7516339869281055,0.05675909396809027,0.0
Kuwait,0.222,Asia,Western Asia,NA,False,False,True,High income,False,True,17820.0,True,,1.0,False,0.0,0.0,0.0,0.0,0.0,0.0,0.0,0.0,0.0,0.0,0.0
Lebanon,0.022,Asia,Western Asia,NA,False,False,True,Lower middle income,False,True,10230.0,True,Band 3: 0.01% - 0.1%,1.1,True,0.006251776072747941,0.00013078485737630098,0.0,0.00575817322979692,0.00575817322979692,5.75817322979692,2.87908661489846,2.87908661489846,5.7516339869281055,0.006539242868815049,0.0
Oman,0.115,Asia,Western Asia,NA,False,False,True,High income,False,True,309500.0,True,,1.0,False,0.0,0.0,0.0,0.0,0.0,0.0,0.0,0.0,0.0,0.0,0.0
Qatar,0.245,Asia,Western Asia,NA,False,False,True,High income,False,True,11490.0,True,,1.0,False,0.0,0.0,0.0,0.0,0.0,0.0,0.0,0.0,0.0,0.0,0.0
Saudi Arabia,1.217,Asia,Western Asia,NA,False,False,True,High income,False,True,2149690.0,True,,1.0,False,0.0,0.0,0.0,0.0,0.0,0.0,0.0,0.0,0.0,0.0,0.0
Syrian Arab Republic,0.006,Asia,Western Asia,NA,False,False,True,Low income,False,True,183630.0,True,Band 2: 0.001% - 0.01%,1.3,True,0.007388462631429384,0.002347607366569907,0.0,0.006914765989243528,0.006914765989243528,6.914765989243528,3.457382994621764,3.457382994621764,6.7973856209150325,0.11738036832849535,0.0
Türkiye,0.685,Asia,Western Asia,NA,False,False,True,Upper middle income,False,True,769630.0,True,Band 4: 0.1% - 1.0%,0.95,True,0.005399261153736857,0.009839291278838957,0.0,0.0054592848253798565,0.0054592848253798565,5.459284825379857,2.7296424126899286,2.7296424126899286,4.967320261437909,0.4919645639419478,0.0
United Arab Emirates,0.574,Asia,Western Asia,NA,False,False,True,High income,False,True,71020.0,True,,1.0,False,0.0,0.0,0.0,0.0,0.0,0.0,0.0,0.0,0.0,0.0,0.0
Belarus,0.043,Europe,Eastern Europe,NA,False,False,True,Upper middle income,False,True,202983.0,True,Band 3: 0.01% - 0.1%,1.1,True,0.006251776072747941,0.00259502470232783,0.0,0.005881385222044497,0.005881385222044497,5.881385222044496,2.940692611022248,2.940692611022248,5.7516339869281055,0.1297512351163915,0.0
Republic of Moldova,0.006,Europe,Eastern Europe,NA,False,False,True,Upper middle income,False,True,32930.0,True,Band 2: 0.001% - 0.01%,1.3,True,0.007388462631429384,0.00042099172565020443,0.0,0.006818435207197542,0.006818435207197542,6.818435207197543,3.4092176035987714,3.4092176035987714,6.7973856209150325,0.021049586282510222,0.0
Russian Federation,2.094,Europe,Eastern Europe,NA,False,False,True,High income,False,True,16376870.0,True,,1.0,False,0.0,0.0,0.0,0.0,0.0,0.0,0.0,0.0,0.0,0.0,0.0
Ukraine,0.074,Europe,Eastern Europe,NA,False,False,True,Upper middle income,False,True,579400.0,True,Band 3: 0.01% - 0.1%,1.1,True,0.006251776072747941,0.0074073065849295005,0.0,0.00612199931617458,0.00612199931617458,6.12199931617458,3.06099965808729,3.06099965808729,5.7516339869281055,0.37036532924647503,0.0
Iceland,0.035,Europe,Northern Europe,NA,False,False,True,High income,False,True,100830.0,True,,1.0,False,0.0,0.0,0.0,0.0,0.0,0.0,0.0,0.0,0.0,0.0,0.0
Norway,0.653,Europe,Northern Europe,NA,False,False,True,High income,False,True,364270.0,True,,1.0,False,0.0,0.0,0.0,0.0,0.0,0.0,0.0,0.0,0.0,0.0,0.0
Albania,0.01,Europe,Southern Europe,NA,False,False,True,Upper middle income,False,True,27400.0,True,Band 2: 0.001% - 0.01%,1.3,True,0.007388462631429384,0.0003502937528944914,0.0,0.006814900308559757,0.006814900308559757,6.814900308559758,3.407450154279879,3.407450154279879,6.7973856209150325,0.01751468764472457,0.0
Andorra,0.004,Europe,Southern Europe,NA,False,False,True,High income,False,True,470.0,True,,1.0,False,0.0,0.0,0.0,0.0,0.0,0.0,0.0,0.0,0.0,0.0,0.0
Bosnia and Herzegovina,0.014,Europe,Southern Europe,NA,False,False,True,Upper middle income,False,True,51200.0,True,Band 3: 0.01% - 0.1%,1.1,True,0.006251776072747941,0.0006545635090583197,0.0,0.005784362162381021,0.005784362162381021,5.784362162381021,2.8921810811905106,2.8921810811905106,5.7516339869281055,0.03272817545291599,0.0
Montenegro,0.004,Europe,Southern Europe,NA,False,False,True,Upper middle income,False,True,13450.0,True,Band 2: 0.001% - 0.01%,1.3,True,0.007388462631429384,0.00017195076556317186,0.0,0.0068059831591931914,0.0068059831591931914,6.805983159193191,3.4029915795965957,3.4029915795965957,6.7973856209150325,0.008597538278158593,0.0
North Macedonia,0.008,Europe,Southern Europe,NA,False,False,True,Upper middle income,False,True,25220.0,True,Band 2: 0.001% - 0.01%,1.3,True,0.007388462631429384,0.0003224236659853676,0.0,0.006813506804214301,0.006813506804214301,6.813506804214301,3.4067534021071504,3.4067534021071504,6.7973856209150325,0.01612118329926838,0.0
San Marino,0.002,Europe,Southern Europe,NA,False,False,True,High income,False,True,60.0,True,,1.0,False,0.0,0.0,0.0,0.0,0.0,0.0,0.0,0.0,0.0,0.0,0.0
Serbia,0.04,Europe,Southern Europe,NA,False,False,True,Upper middle income,False,True,84090.0,True,Band 3: 0.01% - 0.1%,1.1,True,0.006251776072747941,0.0010750438569670723,0.0,0.0058053861797764585,0.0058053861797764585,5.805386179776458,2.902693089888229,2.902693089888229,5.7516339869281055,0.05375219284835362,0.0
Liechtenstein,0.009,Europe,Western Europe,NA,False,False,True,High income,False,True,160.0,True,,1.0,False,0.0,0.0,0.0,0.0,0.0,0.0,0.0,0.0,0.0,0.0,0.0
Monaco,0.011,Europe,Western Europe,NA,False,False,True,High income,False,True,2.02,True,,1.0,False,0.0,0.0,0.0,0.0,0.0,0.0,0.0,0.0,0.0,0.0,0.0
Switzerland,1.029,Europe,Western Europe,NA,False,False,True,High income,False,True,39509.63,True,,1.0,False,0.0,0.0,0.0,0.0,0.0,0.0,0.0,0.0,0.0,0.0,0.0
Australia,2.04,Oceania,Australia and New Zealand,NA,False,False,True,High income,False,True,7692020.0,True,,1.0,False,0.0,0.0,0.0,0.0,0.0,0.0,0.0,0.0,0.0,0.0,0.0
New Zealand,0.302,Oceania,Australia and New Zealand,NA,False,False,True,High income,False,True,263310.0,True,,1.0,False,0.0,0.0,0.0,0.0,0.0,0.0,0.0,0.0,0.0,0.0,0.0
Fiji,0.003,Oceania,Melanesia,NA,False,True,True,Upper middle income,False,True,18270.0,True,Band 2: 0.001% - 0.01%,1.3,True,0.007388462631429384,0.00023357178340811525,0.02564102564102564,0.007578294979316207,0.007578294979316207,7.578294979316207,3.7891474896581037,3.7891474896581037,6.7973856209150325,0.011678589170405764,0.7692307692307692
Papua New Guinea,0.009,Oceania,Melanesia,NA,False,True,True,Lower middle income,False,True,452860.0,True,Band 2: 0.001% - 0.01%,1.3,True,0.007388462631429384,0.005789563099846693,0.02564102564102564,0.007856094545138135,0.007856094545138135,7.856094545138135,3.9280472725690676,3.9280472725690676,6.7973856209150325,0.28947815499233465,0.7692307692307692
Solomon Islands,0.001,Oceania,Melanesia,NA,True,True,True,Lower middle income,False,True,27990.0,True,Band 1: <= 0.001%,1.5,True,0.008525149190110827,0.00035783657458090563,0.02564102564102564,0.008630259852861774,0.008630259852861774,8.630259852861773,4.315129926430886,4.315129926430886,7.8431372549019605,0.01789182872904528,0.7692307692307692
Vanuatu,0.001,Oceania,Melanesia,NA,False,True,True,Lower middle income,False,True,12190.0,True,Band 1: <= 0.001%,1.5,True,0.008525149190110827,0.00015584236670743978,0.02564102564102564,0.008620160142468102,0.008620160142468102,8.620160142468102,4.310080071234051,4.310080071234051,7.8431372549019605,0.0077921183353719895,0.7692307692307692
Kiribati,0.001,Oceania,Micronesia,NA,True,True,True,Lower middle income,False,True,810.0,True,Band 1: <= 0.001%,1.5,True,0.008525149190110827,1.0355399264399198e-05,0.02564102564102564,0.00861288579409595,0.00861288579409595,8.61288579409595,4.306442897047975,4.306442897047975,7.8431372549019605,0.0005177699632199599,0.7692307692307692
Marshall Islands,0.001,Oceania,Micronesia,NA,False,True,True,Upper middle income,False,True,180.0,True,Band 1: <= 0.001%,1.5,True,0.008525149190110827,2.301199836533155e-06,0.02564102564102564,0.008612483084124555,0.008612483084124555,8.612483084124555,4.306241542062278,4.306241542062278,7.8431372549019605,0.00011505999182665776,0.7692307692307692
Micronesia (Federated States of),0.001,Oceania,Micronesia,NA,False,True,True,Lower middle income,False,True,700.0,True,Band 1: <= 0.001%,1.5,True,0.008525149190110827,8.949110475406714e-06,0.02564102564102564,0.0086128154796565,0.0086128154796565,8.612815479656499,4.306407739828249,4.306407739828249,7.8431372549019605,0.00044745552377033573,0.7692307692307692
Nauru,0.001,Oceania,Micronesia,NA,False,True,True,High income,False,True,20.0,True,Band 1: <= 0.001%,1.5,True,0.008525149190110827,2.5568887072590614e-07,0.02564102564102564,0.008612380808576266,0.008612380808576266,8.612380808576265,4.306190404288133,4.306190404288133,7.8431372549019605,1.2784443536295306e-05,0.7692307692307692
Palau,0.001,Oceania,Micronesia,NA,False,True,True,High income,False,True,460.0,True,Band 1: <= 0.001%,1.5,True,0.008525149190110827,5.880844026695841e-06,0.02564102564102564,0.008612662066334063,0.008612662066334063,8.612662066334064,4.306331033167032,4.306331033167032,7.8431372549019605,0.00029404220133479205,0.7692307692307692
Samoa,0.001,Oceania,Polynesia,NA,False,True,True,Upper middle income,False,True,2780.0,True,Band 1: <= 0.001%,1.5,True,0.008525149190110827,3.554075303090095e-05,0.02564102564102564,0.008614145061784274,0.008614145061784274,8.614145061784274,4.307072530892137,4.307072530892137,7.8431372549019605,0.0017770376515450475,0.7692307692307692
Tonga,0.001,Oceania,Polynesia,NA,False,True,True,Upper middle income,False,True,720.0,True,Band 1: <= 0.001%,1.5,True,0.008525149190110827,9.20479934613262e-06,0.02564102564102564,0.008612828264100036,0.008612828264100036,8.612828264100036,4.306414132050018,4.306414132050018,7.8431372549019605,0.00046023996730663104,0.7692307692307692
Tuvalu,0.001,Oceania,Polynesia,NA,True,True,True,Upper middle income,False,True,30.0,True,Band 1: <= 0.001%,1.5,True,0.008525149190110827,3.835333060888592e-07,0.02564102564102564,0.008612387200798034,0.008612387200798034,8.612387200798032,4.306193600399016,4.306193600399016,7.8431372549019605,1.917666530444296e-05,0.7692307692307692
Republic of Korea,2.349,Asia,Eastern Asia,NA,False,False,True,High income,False,True,0.0,False,,1.0,False,0.0,0.0,0.0,0.0,0.0,0.0,0.0,0.0,0.0,0.0,0.0
Netherlands (Kingdom of the),1.298,Europe,Western Europe,NA,False,False,True,High income,False,True,0.0,False,,1.0,False,0.0,0.0,0.0,0.0,0.0,0.0,0.0,0.0,0.0,0.0,0.0
Cyprus,0.035,Asia,Western Asia,NA,False,False,True,High income,True,True,9240.0,True,,1.0,False,0.0,0.0,0.0,0.0,0.0,0.0,0.0,0.0,0.0,0.0,0.0
Bulgaria,0.071,Europe,Eastern Europe,NA,False,False,True,High income,True,True,108560.0,True,,1.0,False,0.0,0.0,0.0,0.0,0.0,0.0,0.0,0.0,0.0,0.0,0.0
Czechia,0.344,Europe,Eastern Europe,NA,False,False,True,High income,True,True,77167.31,True,,1.0,False,0.0,0.0,0.0,0.0,0.0,0.0,0.0,0.0,0.0,0.0,0.0
Hungary,0.223,Europe,Eastern Europe,NA,False,False,True,High income,True,True,91260.0,True,,1.0,False,0.0,0.0,0.0,0.0,0.0,0.0,0.0,0.0,0.0,0.0,0.0
Poland,0.831,Europe,Eastern Europe,NA,False,False,True,High income,True,True,306270.0,True,,1.0,False,0.0,0.0,0.0,0.0,0.0,0.0,0.0,0.0,0.0,0.0,0.0
Romania,0.358,Europe,Eastern Europe,NA,False,False,True,High income,True,True,230080.0,True,,1.0,False,0.0,0.0,0.0,0.0,0.0,0.0,0.0,0.0,0.0,0.0,0.0
Denmark,0.531,Europe,Northern Europe,NA,False,False,True,High income,True,True,40000.0,True,,1.0,False,0.0,0.0,0.0,0.0,0.0,0.0,0.0,0.0,0.0,0.0,0.0
Estonia,0.045,Europe,Northern Europe,NA,False,False,True,High income,True,True,42730.0,True,,1.0,False,0.0,0.0,0.0,0.0,0.0,0.0,0.0,0.0,0.0,0.0,0.0
Finland,0.386,Europe,Northern Europe,NA,False,False,True,High income,True,True,303960.0,True,,1.0,False,0.0,0.0,0.0,0.0,0.0,0.0,0.0,0.0,0.0,0.0,0.0
Ireland,0.472,Europe,Northern Europe,NA,False,False,True,High income,True,True,68890.0,True,,1.0,False,0.0,0.0,0.0,0.0,0.0,0.0,0.0,0.0,0.0,0.0,0.0
Latvia,0.05,Europe,Northern Europe,NA,False,False,True,High income,True,True,62230.0,True,,1.0,False,0.0,0.0,0.0,0.0,0.0,0.0,0.0,0.0,0.0,0.0,0.0
Lithuania,0.081,Europe,Northern Europe,NA,False,False,True,High income,True,True,62600.0,True,,1.0,False,0.0,0.0,0.0,0.0,0.0,0.0,0.0,0.0,0.0,0.0,0.0
Sweden,0.822,Europe,Northern Europe,NA,False,False,True,High income,True,True,407270.0,True,,1.0,False,0.0,0.0,0.0,0.0,0.0,0.0,0.0,0.0,0.0,0.0,0.0
Croatia,0.088,Europe,Southern Europe,NA,False,False,True,High income,True,True,55960.0,True,,1.0,False,0.0,0.0,0.0,0.0,0.0,0.0,0.0,0.0,0.0,0.0,0.0
Greece,0.28,Europe,Southern Europe,NA,False,False,True,High income,True,True,128900.0,True,,1.0,False,0.0,0.0,0.0,0.0,0.0,0.0,0.0,0.0,0.0,0.0,0.0
Italy,2.813,Europe,Southern Europe,NA,False,False,True,High income,True,True,295720.0,True,,1.0,False,0.0,0.0,0.0,0.0,0.0,0.0,0.0,0.0,0.0,0.0,0.0
Malta,0.02,Europe,Southern Europe,NA,False,False,True,High income,True,True,320.0,True,,1.0,False,0.0,0.0,0.0,0.0,0.0,0.0,0.0,0.0,0.0,0.0,0.0
Portugal,0.328,Europe,Southern Europe,NA,False,False,True,High income,True,True,91605.6,True,,1.0,False,0.0,0.0,0.0,0.0,0.0,0.0,0.0,0.0,0.0,0.0,0.0
Slovenia,0.077,Europe,Southern Europe,NA,False,False,True,High income,True,True,20134.5,True,,1.0,False,0.0,0.0,0.0,0.0,0.0,0.0,0.0,0.0,0.0,0.0,0.0
Spain,1.895,Europe,Southern Europe,NA,False,False,True,High income,True,True,499697.4,True,,1.0,False,0.0,0.0,0.0,0.0,0.0,0.0,0.0,0.0,0.0,0.0,0.0
Austria,0.626,Europe,Western Europe,NA,False,False,True,High income,True,True,82520.0,True,,1.0,False,0.0,0.0,0.0,0.0,0.0,0.0,0.0,0.0,0.0,0.0,0.0
Belgium,0.773,Europe,Western Europe,NA,False,False,True,High income,True,True,30494.0,True,,1.0,False,0.0,0.0,0.0,0.0,0.0,0.0,0.0,0.0,0.0,0.0,0.0
France,3.858,Europe,Western Europe,NA,False,False,True,High income,True,True,538950.0,True,,1.0,False,0.0,0.0,0.0,0.0,0.0,0.0,0.0,0.0,0.0,0.0,0.0
Germany,5.692,Europe,Western Europe,NA,False,False,True,High income,True,True,349430.0,True,,1.0,False,0.0,0.0,0.0,0.0,0.0,0.0,0.0,0.0,0.0,0.0,0.0
Luxembourg,0.073,Europe,Western Europe,NA,False,False,True,High income,True,True,2574.46,True,,1.0,False,0.0,0.0,0.0,0.0,0.0,0.0,0.0,0.0,0.0,0.0,0.0
United Republic of Tanzania,0.01,Africa,Sub-Saharan Africa,Eastern Africa,True,False,False,Lower middle income,False,True,885800.0,True,Band 2: 0.001% - 0.01%,1.3,True,0.007388462631429384,0.011324460084450382,0.0,0.007363608625137552,0.007363608625137552,7.363608625137552,3.681804312568776,3.681804312568776,6.7973856209150325,0.5662230042225193,0.0
Sao Tome and Principe,0.001,Africa,Sub-Saharan Africa,Middle Africa,False,True,False,Lower middle income,False,True,960.0,True,Band 1: <= 0.001%,1.5,True,0.008525149190110827,1.2273065794843494e-05,0.02564102564102564,0.008612981677422471,0.008612981677422471,8.612981677422471,4.306490838711236,4.306490838711236,7.8431372549019605,0.0006136532897421747,0.7692307692307692
Bahamas,0.015,Americas,Latin America and the Caribbean,Caribbean,False,True,False,High income,False,True,10010.0,True,Band 3: 0.01% - 0.1%,1.1,True,0.006251776072747941,0.00012797227979831601,0.02564102564102564,0.00652726337014879,0.00652726337014879,6.52726337014879,3.263631685074395,3.263631685074395,5.7516339869281055,0.0063986139899158,0.7692307692307692
Saint Lucia,0.002,Americas,Latin America and the Caribbean,Caribbean,False,True,False,Upper middle income,False,True,610.0,True,Band 2: 0.001% - 0.01%,1.3,True,0.007388462631429384,7.798510557140137e-06,0.02564102564102564,0.007567006315673659,0.007567006315673659,7.56700631567366,3.78350315783683,3.78350315783683,6.7973856209150325,0.00038992552785700686,0.7692307692307692
Saint Vincent and the Grenadines,0.001,Americas,Latin America and the Caribbean,Caribbean,False,True,False,Upper middle income,False,True,390.0,True,Band 1: <= 0.001%,1.5,True,0.008525149190110827,4.985932979155169e-06,0.02564102564102564,0.008612617320781687,0.008612617320781687,8.612617320781688,4.306308660390844,4.306308660390844,7.8431372549019605,0.00024929664895775844,0.7692307692307692
Bolivia (Plurinational State of),0.018,Americas,Latin America and the Caribbean,South America,False,False,False,Lower middle income,False,True,1083300.0,True,Band 3: 0.01% - 0.1%,1.1,True,0.006251776072747941,0.013849387682868705,0.0,0.00644410337107154,0.00644410337107154,6.444103371071541,3.2220516855357704,3.2220516855357704,5.7516339869281055,0.6924693841434353,0.0
Venezuela (Bolivarian Republic of),0.069,Americas,Latin America and the Caribbean,South America,False,False,False,Lower middle income,False,True,882050.0,True,Band 3: 0.01% - 0.1%,1.1,True,0.006251776072747941,0.011276518421189275,0.0,0.006315459907987569,0.006315459907987569,6.315459907987568,3.157729953993784,3.157729953993784,5.7516339869281055,0.5638259210594638,0.0
Democratic People's Republic of Korea,0.005,Asia,Eastern Asia,NA,False,False,False,Low income,False,True,120410.0,True,Band 2: 0.001% - 0.01%,1.3,True,0.007388462631429384,0.0015393748462053179,0.0,0.006874354363225298,0.006874354363225298,6.874354363225298,3.437177181612649,3.437177181612649,6.7973856209150325,0.07696874231026589,0.0
Lao People's Democratic Republic,0.006,Asia,South-eastern Asia,NA,True,False,False,Lower middle income,False,True,230800.0,True,Band 2: 0.001% - 0.01%,1.3,True,0.007388462631429384,0.0029506495681769565,0.0,0.00694491809932388,0.00694491809932388,6.94491809932388,3.47245904966194,3.47245904966194,6.7973856209150325,0.1475324784088478,0.0
Viet Nam,0.159,Asia,South-eastern Asia,NA,False,False,False,Lower middle income,False,True,313429.0,True,Band 4: 0.1% - 1.0%,0.95,True,0.005399261153736857,0.004007015353137502,0.0,0.005167671029094783,0.005167671029094783,5.167671029094784,2.583835514547392,2.583835514547392,4.967320261437909,0.2003507676568751,0.0
Yemen,0.003,Asia,Western Asia,NA,True,False,False,Low income,False,True,527970.0,True,Band 2: 0.001% - 0.01%,1.3,True,0.007388462631429384,0.0067498026538578325,0.0,0.007134875753607924,0.007134875753607924,7.134875753607924,3.567437876803962,3.567437876803962,6.7973856209150325,0.33749013269289163,0.0
Slovakia,0.149,Europe,Eastern Europe,NA,False,False,False,High income,True,True,0.0,False,,1.0,False,0.0,0.0,0.0,0.0,0.0,0.0,0.0,0.0,0.0,0.0,0.0
State of Palestine,0.0,Asia,Western Asia,NA,False,False,False,Lower middle income,False,True,6020.0,True,Band 1: <= 0.001%,1.5,True,0.008525149190110827,7.696235008849774e-05,0.0,0.007846985372406386,0.007846985372406386,7.846985372406386,3.923492686203193,3.923492686203193,7.8431372549019605,0.0038481175044248876,0.0
United Kingdom of Great Britain and Northern Ireland,3.991,Europe,Northern Europe,NA,False,False,False,High income,False,True,0.0,False,,1.0,False,0.0,0.0,0.0,0.0,0.0,0.0,0.0,0.0,0.0,0.0,0.0
Cook Islands,0.0,Oceania,Polynesia,NA,False,True,False,High income,False,True,236.0,True,Band 1: <= 0.001%,1.5,True,0.008525149190110827,3.017128674565692e-06,0.02564102564102564,0.008612518880566458,0.008612518880566458,8.612518880566457,4.306259440283228,4.306259440283228,7.8431372549019605,0.0001508564337282846,0.7692307692307692
Niue,0.0,Oceania,Polynesia,NA,False,True,False,High income,False,True,260.0,True,Band 1: <= 0.001%,1.5,True,0.008525149190110827,3.32395531943678e-06,0.02564102564102564,0.0086125342218987,0.0086125342218987,8.6125342218987,4.30626711094935,4.30626711094935,7.8431372549019605,0.000166197765971839,0.7692307692307692
United States of America,22.0,Americas,Northern America,NA,False,False,False,High income,False,False,0.0,False,,1.0,False,0.0,0.0,0.0,0.0,0.0,0.0,0.0,0.0,0.0,0.0,0.0
European Union,0.0,Europe,Western Europe,NA,False,False,True,High income,False,True,0.0,True,,1.0,False,0.0,0.0,0.0,0.0,0.0,0.0,0.0,0.0,0.0,0.0,0.0
